gas_cost,volatility,rebalance_every,lower_offset,upper_offset,eval_seed,n_eval,run_id,mean_pnl,std_pnl,median_pnl,p5_pnl,p95_pnl,cvar5_pnl,cvar1_pnl,skew_pnl,kurt_pnl,profitable_frac,p_ttest,p_wilcoxon,mean_utility,mean_spread,spread_std_within,spread_std_between,mean_center,center_std_within,center_std_between,deploy_mean_center,deploy_center_std_within,deploy_center_std_between,deploys_per_ep,rebalances_per_ep,rebalance_rate_pct,decisions_per_ep,attrib_fees,attrib_il,attrib_gas,attrib_hodl
2.0,0.01,10,-1,1,1005,1000,36073252_0,39.470150258959386,26.740853649046475,38.82100059708114,-4.322752232824825,82.94068206435597,-14.079451282076985,-28.049540314512875,0.0697683022058604,-0.1433369308020973,0.938,4.1095530117638503e-253,1.4270871947926796e-154,39.470150258959386,2.0,0.0,0.0,0.0330369999999999,4.392327999492973,0.6385954647748447,0.0,0.0,0.0,75.386,74.386,7.438599999999999,1000,228.80342686848064,40.38591646177649,148.772,-0.1753601477447694
2.0,0.01,20,-1,1,1005,1000,36073252_0,49.71378812924335,23.961085296294648,49.08084276265265,12.184664777431896,89.19176962123603,3.194239299399326,-11.09865868306871,0.1653039408747891,-0.0868545778798632,0.989,0.0,1.2524140632222715e-164,49.71378812924335,2.0,0.0,0.0,0.0703839999999999,7.473775276638649,1.2667431091361816,0.0,0.0,0.0,37.97,36.97,3.697,1000,150.15756299913815,26.313318955676024,73.94,-0.190455914218777
2.0,0.01,30,-1,1,1005,1000,36073252_0,48.6739630201891,22.36531818202086,47.026625311200974,14.601640028279132,87.4239931488322,6.862347481030772,-3.662007253882905,0.3438988092035637,0.2330231703973275,0.991,0.0,5.217228534977487e-165,48.6739630201891,2.0,0.0,0.0,0.0847379999999999,9.992525015344537,1.9382155126187592,0.0,0.0,0.0,25.499,24.499,2.4499,1000,118.78195215699868,21.088818372483473,48.998,-0.021170764326095
2.0,0.01,40,-1,1,1005,1000,36073252_0,45.25960584808597,21.975389687915225,43.83590901294667,11.956775742708505,82.13049787436951,4.302628731266502,-7.081763199978934,0.3605427872933883,0.2220624596488165,0.988,0.0,7.344614878266737e-165,45.25960584808597,2.0,0.0,0.0,0.152864,12.163846060232292,2.623770883957667,0.0,0.0,0.0,19.225,18.225,1.8225,1000,99.849514513779,17.989030162410238,36.45,-0.1508785032827714
2.0,0.01,50,-1,1,1005,1000,36073252_0,44.56265326361525,21.188267019544924,43.78235786054313,11.262108300552114,80.55488005334593,4.738083912907111,-6.554991720082353,0.2408138930793938,0.0127141957203513,0.991,0.0,7.366676805675603e-165,44.56265326361525,2.0,0.0,0.0,0.184114,14.026775365579786,3.3650294719369103,0.0,0.0,0.0,15.503,14.503,1.4503,1000,89.65024569313633,16.010490107578306,29.006,-0.0711023219427685
2.0,0.01,100,-1,1,1005,1000,36073252_0,35.605910627093344,19.634341568455778,35.40556035523775,5.282721057459582,68.42815982380861,-1.4490724030059825,-10.060882634283985,0.2356054587639969,-0.0040005681438386,0.975,0.0,1.5932606846763877e-163,35.605910627093344,2.0,0.0,0.0,0.402317,20.954039692499514,6.989730081520388,0.0,0.0,0.0,7.997,6.997,0.6997000000000001,1000,60.94052687091188,11.154814039114475,13.994,-0.1858022047040734
2.0,0.01,150,-1,1,1005,1000,36073252_0,30.609372960446052,19.342621726104387,29.37027858997544,1.2689570261408507,66.0968112349984,-4.679519311254573,-13.464000839451945,0.500384365938578,0.4679963186620779,0.956,2.8145562623109036e-274,3.3007513620210014e-161,30.609372960446052,2.0,0.0,0.0,0.219889,25.84853499101164,10.696880282992748,0.0,0.0,0.0,5.51,4.51,0.451,1000,48.96146689415994,8.918276222902811,9.02,-0.4138177108110725
2.0,0.01,200,-1,1,1005,1000,36073252_0,27.54341521499758,18.131135319841313,26.21863310446213,0.4332977587225231,57.95160102602131,-5.244246325538127,-13.361281719763634,0.4420686194308421,0.5193298363134162,0.951,9.431238056712524e-262,1.1697282329141205e-159,27.54341521499758,2.0,0.0,0.0,0.998014,28.750123541508863,14.052084831362356,0.0,0.0,0.0,4.019,3.019,0.3019,1000,41.627718058514745,7.911255370272215,6.038,-0.1350474732449494
2.0,0.01,250,-1,1,1005,1000,36073252_0,25.93648377625085,18.53214340037412,24.630691861015293,-2.4305355357375156,57.50134809482536,-9.65639787325071,-20.014917635072788,0.3154849923218039,0.2861483125224944,0.93,1.4979464214065804e-237,1.9147470164330492e-153,25.93648377625085,2.0,0.0,0.0,0.8932110000000002,31.425661397511075,18.156708261259222,0.0,0.0,0.0,3.51,2.51,0.2509999999999999,1000,38.22548696558633,7.279040806647963,5.02,0.0100376173124874
2.0,0.01,300,-1,1,1005,1000,36073252_0,24.041320739126675,17.445412127489124,22.515690790666326,-1.640228768941136,53.71861692992692,-9.553061619414402,-19.983402400324895,0.4352140825218361,0.6999493981448803,0.936,3.9006314040564908e-233,3.6275181918178594e-153,24.041320739126675,2.0,0.0,0.0,-0.0799040000000001,32.61089936841225,20.45081687480439,0.0,0.0,0.0,3.0,2.0,0.2,1000,35.069535725269176,6.684998976290323,4.0,-0.3432160098521768
2.0,0.01,350,-1,1,1005,1000,36073252_0,23.02584343977787,17.76255473132511,21.583969749296557,-3.5655483395315284,54.06410332068319,-10.14700166051646,-19.48889431930984,0.3976839094991065,0.4802979606858826,0.919,4.1220142381891215e-216,1.4131619781154665e-149,23.02584343977787,2.0,0.0,0.0,0.9910610000000002,34.16245301202462,24.698726093045344,0.0,0.0,0.0,2.978,1.978,0.1978,1000,33.67073396917511,6.5237640316127345,3.956,-0.1651264977845028
2.0,0.01,400,-1,1,1005,1000,36073252_0,20.761035717712563,17.579733370439136,18.70958115235402,-5.496718995189729,52.58874536743465,-11.150239918290032,-20.77417080289089,0.4293653540613264,0.2740793024852377,0.895,1.2171043644005468e-191,1.0813641587789404e-142,20.761035717712563,2.0,0.0,0.0,1.636599,35.92472256885159,27.86073242275226,0.0,0.0,0.0,2.019,1.019,0.1018999999999999,1000,28.71317505432896,5.884282824532657,2.038,-0.0298565120837414
2.0,0.01,500,-1,1,1005,1000,36073252_0,21.026633303618592,17.66534937165914,19.780581361578356,-5.2382282999031755,52.30726092640834,-11.793660673206974,-21.297188641104945,0.3637482408616078,0.1496583827610886,0.899,1.238618187798191e-193,2.5438042920966314e-142,21.026633303618592,2.0,0.0,0.0,1.287196,35.92858709194533,32.18970978948993,0.0,0.0,0.0,2.0,1.0,0.1,1000,28.741383000529694,5.597562086003077,2.0,-0.1171876109080266
2.0,0.01,600,-1,1,1005,1000,36073252_0,19.60795015064386,16.9721306618218,18.356095048474455,-5.289556315062111,48.63386328982533,-11.988987023388423,-20.711056421842045,0.3800828790735915,0.1385362871387174,0.887,3.88541267410951e-186,1.4179650517924303e-139,19.60795015064386,2.0,0.0,0.0,1.062784,36.339597408917214,40.28044576756002,0.0,0.0,0.0,2.0,1.0,0.1,1000,27.117956735772072,5.276210374695462,2.0,-0.2337962104327529
2.0,0.01,800,-1,1,1005,1000,36073252_0,15.86232113114899,16.97750587094044,13.6042605713821,-8.712122030260673,47.43406716628639,-14.585536996858016,-24.283670796439843,0.5873276126310965,0.6251302709407076,0.853,2.762794592526801e-138,1.8637421561619547e-118,15.86232113114899,2.0,0.0,0.0,2.1041260000000004,36.83092677510105,56.56103624952539,0.0,0.0,0.0,1.019,0.019,0.0019,1000,20.157421497214703,4.055630077235464,0.038,-0.2014702888302447
4.0,0.02,10,-1,1,1005,1000,36073407_14,-275.1844217271829,46.539297913706136,-270.6358266150477,-358.74537774127816,-208.25314296769616,-392.08076086157024,-449.6344933104501,-0.7461382562807798,1.4622932625179894,0.0,0.0,3.325859118934514e-165,-275.1844217271829,2.0,0.0,0.0,0.057842,4.99664076425004,1.0955387902927034,0.0,0.0,0.0,92.013,91.013,9.101300000000002,1000,193.3592464490756,104.5065558472432,364.052,0.0148876709847416
4.0,0.02,20,-1,1,1005,1000,36073407_14,-117.60538928804326,34.03238510715696,-116.53091897313284,-176.49565298388822,-66.11253407311946,-199.58663788910692,-236.1864875462763,-0.5351395902230515,1.0110364160419545,0.0,0.0,3.325859118934514e-165,-117.60538928804326,2.0,0.0,0.0,0.115983,8.906012035491992,2.1192027568666005,0.0,0.0,0.0,46.28,45.28,4.528,1000,129.660825804259,66.20578716099871,181.12,0.0595720686964381
4.0,0.02,30,-1,1,1005,1000,36073407_14,-69.30577917215673,28.881557151195217,-67.19259125396894,-117.78696394131538,-24.862288418446777,-136.8784688951837,-167.24677558815608,-0.4187117254342061,0.6947133061239477,0.004,0.0,3.650263453345755e-165,-69.30577917215673,2.0,0.0,0.0,0.1508959999999999,12.386801960698255,3.133334808344617,0.0,0.0,0.0,31.026,30.026,3.0025999999999997,1000,101.8476784517823,50.87517717709871,120.104,-0.1742804468403042
4.0,0.02,40,-1,1,1005,1000,36073407_14,-46.25274613111641,27.32708984950819,-45.47593064089796,-89.42549004721572,-3.21118926444917,-109.227856214785,-137.34648300451562,-0.2689384178530735,0.9586213117663984,0.044,1.5819727215425014e-295,5.949034166875254e-160,-46.25274613111641,2.0,0.0,0.0,0.244524,15.549699004076034,4.166904802779157,0.0,0.0,0.0,23.392,22.392,2.2392,1000,86.2309600457981,42.510019650776165,89.568,-0.4056865261383478
4.0,0.02,50,-1,1,1005,1000,36073407_14,-33.91660522601803,24.619316170189332,-33.2191803097823,-74.80799324894957,3.9150733494610863,-89.68333942014095,-112.59281826892808,-0.2054689207926172,0.7330396097610694,0.077,4.822228762344519e-233,1.1505086901202845e-149,-33.91660522601803,2.0,0.0,0.0,0.304615,18.481085077237015,5.199947244999223,0.0,0.0,0.0,18.851,17.851,1.7851,1000,75.03897026918114,37.54772334531753,71.404,-0.0038521498816397
4.0,0.02,100,-1,1,1005,1000,36073407_14,-10.4277903593386,21.72117391648574,-9.630890735856724,-45.32543219147247,23.826888256620773,-58.27185107137376,-79.0871476232891,-0.17626850361905,0.6008797601528246,0.309,5.930580912736385e-47,3.9965339035314936e-44,-10.4277903593386,2.0,0.0,0.0,0.4859110000000001,30.44456177667563,10.595855794275373,0.0,0.0,0.0,9.806,8.806,0.8805999999999999,1000,50.73091818403771,25.503737835547344,35.224,-0.4309707078289708
4.0,0.02,150,-1,1,1005,1000,36073407_14,-3.751240623989588,20.55128633631821,-3.649789108367372,-37.77397231087919,29.96862528166854,-50.85640829392216,-70.99221340640256,-0.2699661693453699,0.7421177512533754,0.426,1.0614417251548288e-08,7.926084211788751e-08,-3.751240623989588,2.0,0.0,0.0,0.6782760000000001,39.306576008267555,16.047503532195407,0.0,0.0,0.0,6.806,5.806,0.5806,1000,40.48800312941947,20.708766418788453,23.224,-0.3064773346206028
4.0,0.02,200,-1,1,1005,1000,36073407_14,0.6514533623377271,19.68187616662939,1.1319353740991571,-31.29347863779223,31.68626049817965,-43.20698083518451,-62.17978530182372,-0.1385041036751798,0.855271288171001,0.53,0.2957385898507289,0.1469534061840638,0.6514533623377271,2.0,0.0,0.0,1.0401589999999998,45.46649311481465,21.137859162879263,0.0,0.0,0.0,5.0,4.0,0.4,1000,34.78020312283149,17.66529566783231,16.0,-0.4634540926614534
4.0,0.02,250,-1,1,1005,1000,36073407_14,2.5501716810132824,19.644263998232084,3.142511987851833,-30.106765892991472,34.06976189773471,-40.909119959488656,-57.636179698957235,-0.1099462953663905,0.675650327139429,0.567,4.407899564658643e-05,8.526929321311122e-06,2.5501716810132824,2.0,0.0,0.0,1.7319379999999998,50.803900157298514,26.3669353716384,0.0,0.0,0.0,4.0,3.0,0.3,1000,30.61061159689682,15.163779946460906,12.0,-0.896659969422633
4.0,0.02,300,-1,1,1005,1000,36073407_14,2.332461810457551,19.61444067668952,3.204880245782362,-28.76832121909204,32.695885223905854,-41.11962802686542,-59.757664052424026,-0.1753176274769113,0.7149567132221919,0.562,0.0001807992600181,2.126358447848674e-05,2.332461810457551,2.0,0.0,0.0,2.020376,56.041942134923794,33.20431006066267,0.0,0.0,0.0,3.806,2.806,0.2806,1000,28.577692000830293,14.607007563433902,11.224,-0.4142226269388399
4.0,0.02,350,-1,1,1005,1000,36073407_14,4.22690543149129,18.447296916141287,4.856478383235071,-26.59229150350463,33.97880803231661,-39.01241212537808,-57.06201898703823,-0.35645885922984,0.8482983982412655,0.621,8.804808720928978e-13,1.8678635883396605e-15,4.22690543149129,2.0,0.0,0.0,0.6331250000000003,58.44185872684135,36.31580271525572,0.0,0.0,0.0,3.0,2.0,0.2,1000,26.349799305295303,13.72939106956766,8.0,-0.3935028042363542
4.0,0.02,400,-1,1,1005,1000,36073407_14,3.451228142950368,18.695198867768585,4.178836624950236,-27.317167754202444,32.94507153904377,-40.19678960095009,-57.72226973741074,-0.3059842363837766,0.9052978114277632,0.602,7.270800197954805e-09,4.6835930660629457e-11,3.451228142950368,2.0,0.0,0.0,0.813637,60.36273709667899,42.19684451085449,0.0,0.0,0.0,3.0,2.0,0.2,1000,25.410991748353545,13.49487216158849,8.0,-0.4648914438146816
4.0,0.02,500,-1,1,1005,1000,36073407_14,5.2470754318414246,18.54734253981393,6.052241967877137,-26.83562019763894,35.34610489187319,-37.05303235812679,-53.2004756098486,-0.2397521280746778,0.7016766430733257,0.646,1.8196870874606563e-18,3.395400466634628e-21,5.2470754318414246,2.0,0.0,0.0,3.0937669999999997,66.37563716328552,52.85532670852306,0.0,0.0,0.0,2.0,1.0,0.1,1000,20.99497921977914,11.10544235308435,4.0,-0.6424614348533646
4.0,0.02,600,-1,1,1005,1000,36073407_14,5.693348534532102,18.1682484970029,6.442270880254853,-25.828373248423393,35.17862219514777,-36.22673209213031,-53.8242762713611,-0.277832482566961,0.8391992971074886,0.667,3.99702319723975e-22,2.461672395041227e-25,5.693348534532102,2.0,0.0,0.0,2.828257,66.43005128583664,59.51324030483428,0.0,0.0,0.0,2.0,1.0,0.1,1000,20.967467455846272,10.77053871764497,4.0,-0.5035802036692012
4.0,0.02,800,-1,1,1005,1000,36073407_14,4.730430420904904,18.096852235028425,5.551317039603134,-25.356341759539703,33.89404300198331,-37.5169223833024,-52.61728848601805,-0.3331933520093066,0.7363973291493897,0.646,4.51988740754629e-16,1.1054071307556095e-19,4.730430420904904,2.0,0.0,0.0,2.9549029999999994,68.03463285979254,86.67332234560753,0.0,0.0,0.0,2.0,1.0,0.1,1000,19.448116834159205,10.365324508620496,4.0,-0.3523619046338051
6.0,0.03,10,-1,1,1005,1000,36074271_10,-590.402918181445,71.96463072140567,-577.6148318898287,-712.1968617703026,-494.1362076624026,-782.9513619595266,-877.7852337035062,-1.082569984468562,2.2121786208141003,0.0,0.0,3.325859118934514e-165,-590.402918181445,2.0,0.0,0.0,0.0935449999999999,5.15596261679042,1.5439313333095483,0.0,0.0,0.0,96.771,95.771,9.5771,1000,151.31808173108996,167.27594322539238,574.626,0.1809433128574331
6.0,0.03,20,-1,1,1005,1000,36074271_10,-290.10558160535606,54.47875379610315,-282.16072782868326,-381.2374786505074,-217.08485570083096,-437.8849695166255,-515.7340019055484,-1.122699662356614,2.683156754440219,0.0,0.0,3.325859118934514e-165,-290.10558160535606,2.0,0.0,0.0,0.1846619999999999,9.362168550836996,2.9418865205435782,0.0,0.0,0.0,48.68,47.68,4.768,1000,109.12407758696062,113.1712310818092,286.08,0.0215718894925063
6.0,0.03,30,-1,1,1005,1000,36074271_10,-190.01915599447656,44.74037097885373,-183.63453144590443,-264.76807521545703,-128.3127319345785,-311.3025101814162,-377.49557118614086,-1.1152196373046646,2.787491111251762,0.0,0.0,3.325859118934514e-165,-190.01915599447656,2.0,0.0,0.0,0.249042,13.23927213281626,4.35970753196083,0.0,0.0,0.0,32.619,31.619,3.1619,1000,86.69490677601254,86.58041027137834,189.714,-0.419652499110784
6.0,0.03,40,-1,1,1005,1000,36074271_10,-140.06814594003976,39.89765842051928,-135.884954210192,-204.08315743043343,-84.91943595795493,-245.2587417587991,-303.72717437943214,-0.9849802126137102,2.4535714613090605,0.0,0.0,3.325859118934514e-165,-140.06814594003976,2.0,0.0,0.0,0.3500959999999999,16.856091561257344,5.7532165930706975,0.0,0.0,0.0,24.612,23.612,2.3611999999999997,1000,73.59249302372304,72.05368756049161,141.672,0.0650485967288308
6.0,0.03,50,-1,1,1005,1000,36074271_10,-111.70528569553738,35.535063378991815,-106.37495376529272,-171.63907815496074,-61.97995831096232,-205.44161282646152,-257.57826793153697,-0.963128573573896,2.4214364181018064,0.0,0.0,3.325859118934514e-165,-111.70528569553738,2.0,0.0,0.0,0.4184569999999999,20.28282150781546,7.193615119267294,0.0,0.0,0.0,19.833,18.833,1.8833,1000,64.00799626472607,62.12692805274588,112.998,-0.5883539075175861
6.0,0.03,100,-1,1,1005,1000,36074271_10,-52.077333528351986,28.440548199507337,-49.26037923707145,-98.6435561727633,-12.22633440635113,-125.1096612968262,-166.54651665303868,-0.8635528143081723,2.2742974724463583,0.017,0.0,3.169675064891146e-164,-52.077333528351986,2.0,0.0,0.0,0.7857919999999999,34.6242724845591,14.280432307417588,0.0,0.0,0.0,10.009,9.009,0.9009,1000,42.93713649317638,39.89386659593286,54.054,-1.066603425595509
6.0,0.03,150,-1,1,1005,1000,36074271_10,-34.61156999593225,25.815785758478388,-31.004207320292775,-78.27928754309917,2.4083356132478166,-100.06872103184207,-132.35105539316427,-0.8179055485058999,1.665670949254686,0.064,2.163869921920971e-225,9.765899407858873e-156,-34.61156999593225,2.0,0.0,0.0,1.0552480000000002,46.16844849656831,21.107091236418533,0.0,0.0,0.0,7.0,6.0,0.6,1000,34.59841023183403,32.17274763585522,36.0,-1.03723259191106
6.0,0.03,200,-1,1,1005,1000,36074271_10,-23.010087938280375,25.081986091503172,-19.588460566948527,-65.54065788997787,13.25304627472012,-85.8068162103143,-119.78820413641787,-0.7952181586563595,1.7967299627829432,0.153,1.2732909675866528e-134,1.0683842470648266e-117,-23.010087938280375,2.0,0.0,0.0,1.305319,56.22204033634852,28.73809566838483,0.0,0.0,0.0,5.009,4.009,0.4009,1000,28.579189960256183,26.18855859983676,24.054,-1.346719298699797
6.0,0.03,250,-1,1,1005,1000,36074271_10,-16.652812086777374,24.226737235476502,-13.20224745104457,-59.90229903766958,17.46024881364041,-77.83969461629907,-108.59554462994764,-0.8711250019440012,1.7475013150313572,0.242,5.093183348240141e-86,1.589264320319312e-79,-16.652812086777374,2.0,0.0,0.0,2.043862,64.00482552455372,35.58137628862824,0.0,0.0,0.0,4.009,3.009,0.3009,1000,25.646359587663515,23.52994477621168,18.054,-0.7152268982292093
6.0,0.03,300,-1,1,1005,1000,36074271_10,-17.156622773167765,23.89171943661399,-14.495160173803242,-56.99897748490672,16.59912673765524,-77.75036030601923,-104.61993857404444,-0.8133146408410998,1.33256694398787,0.249,2.6535427375708762e-92,5.923094002386163e-84,-17.156622773167765,2.0,0.0,0.0,2.8067640000000003,69.52575504423427,42.71279600995823,0.0,0.0,0.0,4.0,3.0,0.3,1000,24.786255738731324,22.619610289443532,18.0,-1.3232682224555508
6.0,0.03,350,-1,1,1005,1000,36074271_10,-11.323217464422026,23.26767999600565,-7.625055900075154,-53.351228657674405,21.253370712895816,-71.21632653498008,-96.93154746226584,-0.8106257715189299,1.4527399146577578,0.326,4.4732954512815114e-48,1.545635360292965e-42,-11.323217464422026,2.0,0.0,0.0,2.2294419999999997,74.83449392388144,48.68798458932795,0.0,0.0,0.0,3.0,2.0,0.2,1000,21.908128796242607,20.674315616494123,12.0,-0.5570306441705056
6.0,0.03,400,-1,1,1005,1000,36074271_10,-11.36583496244092,23.176714140661865,-8.911826729901748,-50.89067971101272,20.93600223591654,-70.4438487766355,-98.47580971000475,-0.8098513955873147,1.5915478343471827,0.317,1.0150446806574429e-48,1.3948310790823377e-43,-11.36583496244092,2.0,0.0,0.0,1.0893489999999997,77.4906105631184,54.58576449087435,0.0,0.0,0.0,3.0,2.0,0.2,1000,21.61168436983129,20.059503802108164,12.0,-0.9180155301640532
6.0,0.03,500,-1,1,1005,1000,36074271_10,-5.3788241396716705,22.757022290995607,-2.32177027716034,-45.6622036802796,27.180743479931134,-64.0271858892754,-91.86065473736416,-0.8977505975250776,1.850075434303756,0.449,1.7391423721206098e-13,2.4810985211492068e-08,-5.3788241396716705,2.0,0.0,0.0,3.342065,88.49517614749973,72.40186136113336,0.0,0.0,0.0,2.009,1.009,0.1008999999999999,1000,18.124642653240468,16.7671269513273,6.054,-0.6823398415848397
6.0,0.03,600,-1,1,1005,1000,36074271_10,-5.525959629042064,22.37842375369488,-1.9356449691602504,-44.926767097861664,25.671932277539423,-62.63879127625306,-87.05634039678286,-0.8436562176917789,1.3775090140371322,0.453,1.4983807031045383e-14,1.2432441552415357e-08,-5.525959629042064,2.0,0.0,0.0,3.998387,88.85441933803507,77.87428476028033,0.0,0.0,0.0,2.0,1.0,0.1,1000,17.598143940236355,16.260158805852377,6.0,-0.8639447634260384
6.0,0.03,800,-1,1,1005,1000,36074271_10,-5.430379399102538,22.350303274905706,-1.5117925884272267,-44.68558329680011,24.790676897870753,-63.66975928042321,-88.55090793970516,-0.9431416418331816,1.541064506732921,0.46,3.798743291241383e-14,1.1885728779016853e-07,-5.430379399102538,2.0,0.0,0.0,3.645397,92.12817056475043,110.6799035983651,0.0,0.0,0.0,2.0,1.0,0.1,1000,16.8979164352004,15.537742077211806,6.0,-0.7905537570911324
