gas_cost,volatility,reward_kind,inventory_phi,agent,mean_pnl,std_pnl,median_pnl,skew_pnl,kurt_pnl,profitable_frac,mean_spread,spread_std_within,spread_std_between,mean_center,center_std_within,center_std_between,rebalances_per_ep,rebalance_rate_pct,deploy_mean_center,deploy_center_std_within,deploy_center_std_between,deploys_per_ep,attrib_hodl,attrib_fees,attrib_il,attrib_gas,risk_profile
2,0.005,pnl,0.0,DeployWide,18.85,12.93,17.96,0.16,-0.74,0.938,30.0,0.0,0.0,0.995,18.672,28.608,0.0,0.0,0.0,0.0,0.0,1.0,-0.11,20.64,1.68,0.0,pnl
2,0.005,pnl,0.0,ArrivalRebalance,42.47,20.58,40.34,0.5,0.21,0.995,2.0,0.0,0.0,0.489,15.056,7.782,3.0,0.3,0.0,0.0,0.0,4.0,-0.17,52.46,3.82,6.0,pnl
2,0.005,pnl,0.0,DeployNarrow,23.35,19.68,19.64,0.98,1.19,0.932,2.0,0.0,0.0,0.995,18.672,28.608,0.0,0.0,0.0,0.0,0.0,1.0,-0.1,25.46,2.01,0.0,pnl
2,0.005,pnl,0.0,CDM,28.21,8.05,28.46,-0.16,-0.28,1.0,29.903,1.624,0.053,0.15,11.561,5.87,3.02,0.3,-3.949,6.306,1.264,4.02,-0.12,37.28,2.92,6.04,pnl
2,0.005,pnl,0.0,PPO,68.27,21.71,67.75,0.22,-0.09,1.0,2.112,0.256,0.279,0.123,13.989,4.976,6.36,63.55,-0.138,1.005,0.443,7.36,-0.12,87.44,6.33,12.71,pnl
2,0.005,pnl,0.0,PPO_narrow,70.67,22.26,70.12,0.16,-0.04,1.0,2.0,0.0,0.0,0.155,13.914,5.021,7.12,71.21,0.002,0.95,0.402,8.12,-0.13,91.63,6.59,14.24,pnl
2,0.01,pnl,0.0,DeployWide,12.78,13.92,11.96,0.16,0.04,0.838,30.0,0.0,0.0,2.109,36.827,56.631,0.0,0.0,0.0,0.0,0.0,1.0,-0.22,16.69,3.68,0.0,pnl
2,0.01,pnl,0.0,ArrivalRebalance,30.61,19.34,29.37,0.5,0.47,0.956,2.0,0.0,0.0,0.22,25.849,10.697,4.51,0.45,0.0,0.0,0.0,5.51,-0.41,48.96,8.92,9.02,pnl
2,0.01,pnl,0.0,DeployNarrow,15.85,16.96,13.6,0.59,0.63,0.853,2.0,0.0,0.0,2.109,36.827,56.631,0.0,0.0,0.0,0.0,0.0,1.0,-0.2,20.1,4.04,0.0,pnl
2,0.01,pnl,0.0,CDM,24.56,11.8,25.23,-0.39,0.31,0.973,29.914,1.53,0.046,0.101,13.449,4.307,7.58,0.76,-1.991,4.91,0.644,8.58,-0.23,50.6,10.67,15.15,pnl
2,0.01,pnl,0.0,PPO,41.91,18.03,41.04,0.13,0.02,0.995,4.817,2.987,1.545,0.368,26.596,9.68,6.16,61.63,-0.386,3.562,1.635,7.16,-0.29,66.83,12.31,12.33,pnl
2,0.01,pnl,0.0,PPO_narrow,49.7,20.79,48.3,0.19,0.07,0.994,1.997,0.008,0.021,0.272,26.527,9.717,7.82,78.21,-0.103,2.248,0.902,8.82,-0.49,79.64,13.81,15.64,pnl
2,0.015,pnl,0.0,DeployWide,7.94,14.66,8.43,-0.31,0.5,0.765,30.0,0.0,0.0,3.262,54.021,83.384,0.0,0.0,0.0,0.0,0.0,1.0,-0.33,13.96,5.69,0.0,pnl
2,0.015,pnl,0.0,ArrivalRebalance,19.55,19.7,19.26,0.15,0.57,0.856,2.0,0.0,0.0,0.936,33.21,13.222,5.04,0.5,0.0,0.0,0.0,6.04,-0.29,44.68,14.76,10.08,pnl
2,0.015,pnl,0.0,DeployNarrow,10.72,16.94,10.58,0.15,0.77,0.791,2.0,0.0,0.0,3.262,54.021,83.384,0.0,0.0,0.0,0.0,0.0,1.0,-0.31,17.09,6.06,0.0,pnl
2,0.015,pnl,0.0,CDM,8.0,16.75,9.45,-0.57,0.52,0.728,29.894,1.671,0.076,0.16,14.332,4.114,12.23,1.22,-1.571,4.386,0.709,13.23,-0.35,54.85,22.04,24.46,pnl
2,0.015,pnl,0.0,PPO,21.44,18.14,21.33,0.06,0.22,0.881,7.603,5.191,3.398,1.702,39.195,16.92,5.25,52.55,-0.018,4.648,2.319,6.25,-0.06,49.45,17.44,10.51,pnl
2,0.015,pnl,0.0,PPO_narrow,31.74,19.38,31.7,0.0,0.15,0.951,2.0,0.001,0.004,1.585,39.933,17.477,6.53,65.29,0.387,2.468,1.112,7.53,-0.42,64.57,19.35,13.06,pnl
2,0.02,pnl,0.0,DeployWide,4.09,16.27,6.27,-0.74,0.98,0.689,30.0,0.0,0.0,4.404,69.875,108.286,0.0,0.0,0.0,0.0,0.0,1.0,-0.44,12.22,7.69,0.0,pnl
2,0.02,pnl,0.0,ArrivalRebalance,7.95,20.47,8.05,-0.28,0.74,0.672,2.0,0.0,0.0,0.678,39.307,16.048,5.81,0.58,0.0,0.0,0.0,6.81,-0.31,40.7,20.82,11.61,pnl
2,0.02,pnl,0.0,DeployNarrow,6.48,17.95,7.58,-0.3,0.96,0.73,2.0,0.0,0.0,4.404,69.875,108.286,0.0,0.0,0.0,0.0,0.0,1.0,-0.41,14.95,8.07,0.0,pnl
2,0.02,pnl,0.0,CDM,-39.33,50.64,-26.16,-1.98,6.1,0.176,29.533,3.252,0.492,0.11,14.773,4.419,28.55,2.86,-2.876,5.288,1.86,29.55,-0.48,53.77,35.52,57.1,pnl
2,0.02,pnl,0.0,PPO,9.65,18.27,10.96,-0.3,0.47,0.716,14.751,6.802,4.477,5.031,60.161,38.524,3.05,30.49,0.129,2.425,1.716,4.05,-0.59,32.25,15.91,6.1,pnl
2,0.02,pnl,0.0,PPO_narrow,16.87,19.64,17.53,-0.11,0.46,0.816,1.998,0.004,0.02,5.102,60.832,38.639,3.96,39.55,-0.045,0.915,0.609,4.96,-0.51,43.99,18.7,7.91,pnl
2,0.025,pnl,0.0,DeployWide,0.81,18.36,4.94,-1.03,1.35,0.656,30.0,0.0,0.0,5.466,84.24,130.884,0.0,0.0,0.0,0.0,0.0,1.0,-0.55,11.03,9.67,0.0,pnl
2,0.025,pnl,0.0,ArrivalRebalance,-1.35,23.3,-0.59,-0.43,0.92,0.488,2.0,0.0,0.0,0.793,43.337,18.484,6.0,0.6,0.0,0.0,0.0,7.0,-0.67,37.86,26.56,11.99,pnl
2,0.025,pnl,0.0,DeployNarrow,2.89,19.43,4.84,-0.73,1.23,0.674,2.0,0.0,0.0,5.466,84.24,130.884,0.0,0.0,0.0,0.0,0.0,1.0,-0.51,13.44,10.05,0.0,pnl
2,0.025,pnl,0.0,CDM,-4.63,18.62,0.0,-1.2,2.44,0.401,1.027,0.552,0.046,-22.88,83.82,125.278,1.9,0.19,-12.12,3.024,2.768,2.9,-0.01,10.86,11.69,3.79,pnl
2,0.025,pnl,0.0,PPO,2.2,20.93,5.64,-0.53,0.4,0.59,8.151,2.311,3.093,49.58,85.648,100.68,0.78,7.81,-0.55,1.178,2.267,1.78,-0.29,17.24,13.19,1.56,pnl
2,0.025,pnl,0.0,PPO_narrow,4.27,22.36,7.39,-0.42,0.33,0.605,2.0,0.0,0.0,50.077,84.427,105.443,0.89,8.85,0.146,0.395,0.805,1.89,-0.56,19.97,13.37,1.77,pnl
2,0.03,pnl,0.0,DeployWide,-2.12,20.71,3.51,-1.21,1.6,0.622,30.0,0.0,0.0,6.296,96.948,150.88,0.0,0.0,0.0,0.0,0.0,1.0,-0.66,10.12,11.58,0.0,pnl
2,0.03,pnl,0.0,ArrivalRebalance,-10.64,26.12,-6.95,-0.82,1.67,0.367,2.0,0.0,0.0,1.055,46.168,21.107,6.0,0.6,0.0,0.0,0.0,7.0,-1.05,34.97,32.55,12.0,pnl
2,0.03,pnl,0.0,DeployNarrow,0.1,21.61,4.59,-0.99,1.41,0.639,2.0,0.0,0.0,6.296,96.948,150.88,0.0,0.0,0.0,0.0,0.0,1.0,-0.61,12.69,11.99,0.0,pnl
2,0.03,pnl,0.0,CDM,-3.34,20.25,0.0,-1.04,1.7,0.462,1.001,0.022,0.004,-8.544,96.949,150.837,0.05,0.0,-14.384,0.164,0.74,1.05,-0.0,8.65,11.9,0.1,pnl
2,0.03,pnl,0.0,PPO,-0.72,13.47,0.0,-1.42,3.89,0.413,15.458,0.181,6.26,19.223,63.101,113.604,0.03,0.34,1.365,0.162,5.192,0.71,-0.16,5.37,5.86,0.07,pnl
2,0.03,pnl,0.0,PPO_narrow,0.44,8.49,0.0,-0.76,6.11,0.319,2.0,0.0,0.0,-3.889,42.869,90.059,0.0,0.01,3.984,0.016,0.342,0.48,0.16,3.77,3.49,0.0,pnl
2,0.005,inventory,20.0,DeployWide,18.85,12.93,17.96,0.16,-0.74,0.938,30.0,0.0,0.0,0.995,18.672,28.608,0.0,0.0,0.0,0.0,0.0,1.0,-0.11,20.64,1.68,0.0,phi=20
2,0.005,inventory,20.0,ArrivalRebalance,42.47,20.58,40.34,0.5,0.21,0.995,2.0,0.0,0.0,0.489,15.056,7.782,3.0,0.3,0.0,0.0,0.0,4.0,-0.17,52.46,3.82,6.0,phi=20
2,0.005,inventory,20.0,DeployNarrow,23.35,19.68,19.64,0.98,1.19,0.932,2.0,0.0,0.0,0.995,18.672,28.608,0.0,0.0,0.0,0.0,0.0,1.0,-0.1,25.46,2.01,0.0,phi=20
2,0.005,inventory,20.0,CDM,28.21,8.05,28.46,-0.16,-0.28,1.0,29.903,1.624,0.053,0.15,11.561,5.87,3.02,0.3,-3.949,6.306,1.264,4.02,-0.12,37.28,2.92,6.04,phi=20
2,0.005,inventory,20.0,PPO,67.62,21.88,66.97,0.31,0.23,1.0,2.195,0.417,0.427,-0.018,13.963,5.092,6.23,62.3,-0.207,1.12,0.511,7.23,-0.09,86.44,6.27,12.46,phi=20
2,0.005,inventory,20.0,PPO_narrow,70.2,22.06,68.13,0.27,0.11,1.0,2.0,0.0,0.0,-0.058,13.945,5.066,7.01,70.06,0.001,0.874,0.345,8.01,-0.12,90.89,6.56,14.01,phi=20
2,0.005,inventory,50.0,DeployWide,18.85,12.93,17.96,0.16,-0.74,0.938,30.0,0.0,0.0,0.995,18.672,28.608,0.0,0.0,0.0,0.0,0.0,1.0,-0.11,20.64,1.68,0.0,phi=50
2,0.005,inventory,50.0,ArrivalRebalance,42.47,20.58,40.34,0.5,0.21,0.995,2.0,0.0,0.0,0.489,15.056,7.782,3.0,0.3,0.0,0.0,0.0,4.0,-0.17,52.46,3.82,6.0,phi=50
2,0.005,inventory,50.0,DeployNarrow,23.35,19.68,19.64,0.98,1.19,0.932,2.0,0.0,0.0,0.995,18.672,28.608,0.0,0.0,0.0,0.0,0.0,1.0,-0.1,25.46,2.01,0.0,phi=50
2,0.005,inventory,50.0,CDM,28.21,8.05,28.46,-0.16,-0.28,1.0,29.903,1.624,0.053,0.15,11.561,5.87,3.02,0.3,-3.949,6.306,1.264,4.02,-0.12,37.28,2.92,6.04,phi=50
2,0.005,inventory,50.0,PPO,57.21,19.29,56.07,0.39,0.28,1.0,4.165,1.847,0.997,-1.711,14.085,5.361,5.33,53.34,-0.944,1.377,0.59,6.33,-0.03,73.51,5.6,10.67,phi=50
2,0.005,inventory,50.0,PPO_narrow,68.78,21.69,66.95,0.24,-0.12,1.0,2.0,0.0,0.0,-0.479,13.981,5.014,7.07,70.71,-0.226,1.021,0.399,8.07,-0.14,89.54,6.48,14.14,phi=50
2,0.02,inventory,50.0,DeployWide,4.09,16.27,6.27,-0.74,0.98,0.689,30.0,0.0,0.0,4.404,69.875,108.286,0.0,0.0,0.0,0.0,0.0,1.0,-0.44,12.22,7.69,0.0,phi=50
2,0.02,inventory,50.0,ArrivalRebalance,7.95,20.47,8.05,-0.28,0.74,0.672,2.0,0.0,0.0,0.678,39.307,16.048,5.81,0.58,0.0,0.0,0.0,6.81,-0.31,40.7,20.82,11.61,phi=50
2,0.02,inventory,50.0,DeployNarrow,6.48,17.95,7.58,-0.3,0.96,0.73,2.0,0.0,0.0,4.404,69.875,108.286,0.0,0.0,0.0,0.0,0.0,1.0,-0.41,14.95,8.07,0.0,phi=50
2,0.02,inventory,50.0,CDM,-39.33,50.64,-26.16,-1.98,6.1,0.176,29.533,3.252,0.492,0.11,14.773,4.419,28.55,2.86,-2.876,5.288,1.86,29.55,-0.48,53.77,35.52,57.1,phi=50
2,0.02,inventory,50.0,PPO,1.69,4.54,0.43,-0.07,3.88,0.534,23.418,0.492,4.637,-13.862,6.766,47.957,0.06,0.64,-0.376,0.119,1.771,0.72,-0.01,3.49,1.66,0.13,phi=50
2,0.02,inventory,50.0,PPO_narrow,3.42,6.74,1.3,1.21,4.1,0.563,2.0,0.0,0.0,-13.748,10.877,46.815,0.19,1.87,0.605,0.363,1.114,0.87,-0.07,6.4,2.53,0.37,phi=50
2,0.02,inventory,80.0,DeployWide,4.09,16.27,6.27,-0.74,0.98,0.689,30.0,0.0,0.0,4.404,69.875,108.286,0.0,0.0,0.0,0.0,0.0,1.0,-0.44,12.22,7.69,0.0,phi=80
2,0.02,inventory,80.0,ArrivalRebalance,7.95,20.47,8.05,-0.28,0.74,0.672,2.0,0.0,0.0,0.678,39.307,16.048,5.81,0.58,0.0,0.0,0.0,6.81,-0.31,40.7,20.82,11.61,phi=80
2,0.02,inventory,80.0,DeployNarrow,6.48,17.95,7.58,-0.3,0.96,0.73,2.0,0.0,0.0,4.404,69.875,108.286,0.0,0.0,0.0,0.0,0.0,1.0,-0.41,14.95,8.07,0.0,phi=80
2,0.02,inventory,80.0,CDM,-39.33,50.64,-26.16,-1.98,6.1,0.176,29.533,3.252,0.492,0.11,14.773,4.419,28.55,2.86,-2.876,5.288,1.86,29.55,-0.48,53.77,35.52,57.1,phi=80
2,0.02,inventory,80.0,PPO,0.76,2.65,0.0,-0.03,6.44,0.32,25.11,0.008,3.219,-17.637,0.416,44.472,0.0,0.01,-1.974,0.001,2.141,0.38,0.0,1.55,0.8,0.0,phi=80
2,0.02,inventory,80.0,PPO_narrow,0.14,1.42,0.0,6.63,83.98,0.026,2.0,0.0,0.0,-21.51,17.735,45.087,0.01,0.09,1.976,0.811,4.394,0.04,0.01,0.27,0.12,0.02,phi=80
2,0.025,inventory,20.0,DeployWide,0.81,18.36,4.94,-1.03,1.35,0.656,30.0,0.0,0.0,5.466,84.24,130.884,0.0,0.0,0.0,0.0,0.0,1.0,-0.55,11.03,9.67,0.0,phi=20
2,0.025,inventory,20.0,ArrivalRebalance,-1.35,23.3,-0.59,-0.43,0.92,0.488,2.0,0.0,0.0,0.793,43.337,18.484,6.0,0.6,0.0,0.0,0.0,7.0,-0.67,37.86,26.56,11.99,phi=20
2,0.025,inventory,20.0,DeployNarrow,2.89,19.43,4.84,-0.73,1.23,0.674,2.0,0.0,0.0,5.466,84.24,130.884,0.0,0.0,0.0,0.0,0.0,1.0,-0.51,13.44,10.05,0.0,phi=20
2,0.025,inventory,20.0,CDM,-4.63,18.62,0.0,-1.2,2.44,0.401,1.027,0.552,0.046,-22.88,83.82,125.278,1.9,0.19,-12.12,3.024,2.768,2.9,-0.01,10.86,11.69,3.79,phi=20
2,0.025,inventory,20.0,PPO,1.06,7.24,0.04,-1.01,4.27,0.523,13.43,0.864,5.004,-10.148,18.847,58.74,0.2,2.01,-1.786,0.796,5.263,0.97,-0.2,4.88,3.22,0.4,phi=20
2,0.025,inventory,20.0,PPO_narrow,2.8,7.8,0.78,0.27,2.99,0.547,2.0,0.0,0.0,-6.638,16.012,59.512,0.08,0.76,0.383,0.086,0.885,0.8,-0.12,6.17,3.1,0.15,phi=20
2,0.025,inventory,50.0,DeployWide,0.81,18.36,4.94,-1.03,1.35,0.656,30.0,0.0,0.0,5.466,84.24,130.884,0.0,0.0,0.0,0.0,0.0,1.0,-0.55,11.03,9.67,0.0,phi=50
2,0.025,inventory,50.0,ArrivalRebalance,-1.35,23.3,-0.59,-0.43,0.92,0.488,2.0,0.0,0.0,0.793,43.337,18.484,6.0,0.6,0.0,0.0,0.0,7.0,-0.67,37.86,26.56,11.99,phi=50
2,0.025,inventory,50.0,DeployNarrow,2.89,19.43,4.84,-0.73,1.23,0.674,2.0,0.0,0.0,5.466,84.24,130.884,0.0,0.0,0.0,0.0,0.0,1.0,-0.51,13.44,10.05,0.0,phi=50
2,0.025,inventory,50.0,CDM,-4.63,18.62,0.0,-1.2,2.44,0.401,1.027,0.552,0.046,-22.88,83.82,125.278,1.9,0.19,-12.12,3.024,2.768,2.9,-0.01,10.86,11.69,3.79,phi=50
2,0.025,inventory,50.0,PPO,0.41,2.79,0.0,-1.01,11.9,0.23,21.405,0.037,4.05,-14.166,2.271,49.597,0.01,0.13,-4.224,0.022,1.988,0.31,-0.01,1.24,0.8,0.03,phi=50
2,0.025,inventory,50.0,PPO_narrow,0.0,0.0,0.0,,,0.0,,,,,,,0.0,0.0,,,,0.0,0.0,0.0,0.0,0.0,phi=50
2,0.025,inventory,80.0,DeployWide,0.81,18.36,4.94,-1.03,1.35,0.656,30.0,0.0,0.0,5.466,84.24,130.884,0.0,0.0,0.0,0.0,0.0,1.0,-0.55,11.03,9.67,0.0,phi=80
2,0.025,inventory,80.0,ArrivalRebalance,-1.35,23.3,-0.59,-0.43,0.92,0.488,2.0,0.0,0.0,0.793,43.337,18.484,6.0,0.6,0.0,0.0,0.0,7.0,-0.67,37.86,26.56,11.99,phi=80
2,0.025,inventory,80.0,DeployNarrow,2.89,19.43,4.84,-0.73,1.23,0.674,2.0,0.0,0.0,5.466,84.24,130.884,0.0,0.0,0.0,0.0,0.0,1.0,-0.51,13.44,10.05,0.0,phi=80
2,0.025,inventory,80.0,CDM,-4.63,18.62,0.0,-1.2,2.44,0.401,1.027,0.552,0.046,-22.88,83.82,125.278,1.9,0.19,-12.12,3.024,2.768,2.9,-0.01,10.86,11.69,3.79,phi=80
2,0.025,inventory,80.0,PPO,0.0,0.0,0.0,,,0.0,,,,,,,0.0,0.0,,,,0.0,0.0,0.0,0.0,0.0,phi=80
2,0.025,inventory,80.0,PPO_narrow,0.0,0.0,0.0,,,0.0,,,,,,,0.0,0.0,,,,0.0,0.0,0.0,0.0,0.0,phi=80
2,0.03,inventory,20.0,DeployWide,-2.12,20.71,3.51,-1.21,1.6,0.622,30.0,0.0,0.0,6.296,96.948,150.88,0.0,0.0,0.0,0.0,0.0,1.0,-0.66,10.12,11.58,0.0,phi=20
2,0.03,inventory,20.0,ArrivalRebalance,-10.64,26.12,-6.95,-0.82,1.67,0.367,2.0,0.0,0.0,1.055,46.168,21.107,6.0,0.6,0.0,0.0,0.0,7.0,-1.05,34.97,32.55,12.0,phi=20
2,0.03,inventory,20.0,DeployNarrow,0.1,21.61,4.59,-0.99,1.41,0.639,2.0,0.0,0.0,6.296,96.948,150.88,0.0,0.0,0.0,0.0,0.0,1.0,-0.61,12.69,11.99,0.0,phi=20
2,0.03,inventory,20.0,CDM,-3.34,20.25,0.0,-1.04,1.7,0.462,1.001,0.022,0.004,-8.544,96.949,150.837,0.05,0.0,-14.384,0.164,0.74,1.05,-0.0,8.65,11.9,0.1,phi=20
2,0.03,inventory,20.0,PPO,0.44,4.38,0.0,-1.37,7.66,0.301,21.165,0.0,6.957,-6.709,1.498,53.072,0.0,0.0,0.897,0.0,5.293,0.41,0.03,1.77,1.36,0.0,phi=20
2,0.03,inventory,20.0,PPO_narrow,1.09,6.72,0.0,-0.51,5.4,0.408,1.991,0.002,0.089,-7.674,10.781,60.082,0.03,0.29,1.697,0.177,1.475,0.59,-0.06,3.75,2.55,0.06,phi=20
2,0.03,inventory,50.0,DeployWide,-2.12,20.71,3.51,-1.21,1.6,0.622,30.0,0.0,0.0,6.296,96.948,150.88,0.0,0.0,0.0,0.0,0.0,1.0,-0.66,10.12,11.58,0.0,phi=50
2,0.03,inventory,50.0,ArrivalRebalance,-10.64,26.12,-6.95,-0.82,1.67,0.367,2.0,0.0,0.0,1.055,46.168,21.107,6.0,0.6,0.0,0.0,0.0,7.0,-1.05,34.97,32.55,12.0,phi=50
2,0.03,inventory,50.0,DeployNarrow,0.1,21.61,4.59,-0.99,1.41,0.639,2.0,0.0,0.0,6.296,96.948,150.88,0.0,0.0,0.0,0.0,0.0,1.0,-0.61,12.69,11.99,0.0,phi=50
2,0.03,inventory,50.0,CDM,-3.34,20.25,0.0,-1.04,1.7,0.462,1.001,0.022,0.004,-8.544,96.949,150.837,0.05,0.0,-14.384,0.164,0.74,1.05,-0.0,8.65,11.9,0.1,phi=50
2,0.03,inventory,50.0,PPO,0.01,0.55,0.0,-3.5,274.62,0.007,18.0,0.0,0.0,-15.3,0.0,66.402,0.0,0.0,3.0,0.0,0.0,0.01,0.0,0.04,0.03,0.0,phi=50
2,0.03,inventory,50.0,PPO_narrow,0.0,0.0,0.0,,,0.0,,,,,,,0.0,0.0,,,,0.0,0.0,0.0,0.0,0.0,phi=50
2,0.03,inventory,80.0,DeployWide,-2.12,20.71,3.51,-1.21,1.6,0.622,30.0,0.0,0.0,6.296,96.948,150.88,0.0,0.0,0.0,0.0,0.0,1.0,-0.66,10.12,11.58,0.0,phi=80
2,0.03,inventory,80.0,ArrivalRebalance,-10.64,26.12,-6.95,-0.82,1.67,0.367,2.0,0.0,0.0,1.055,46.168,21.107,6.0,0.6,0.0,0.0,0.0,7.0,-1.05,34.97,32.55,12.0,phi=80
2,0.03,inventory,80.0,DeployNarrow,0.1,21.61,4.59,-0.99,1.41,0.639,2.0,0.0,0.0,6.296,96.948,150.88,0.0,0.0,0.0,0.0,0.0,1.0,-0.61,12.69,11.99,0.0,phi=80
2,0.03,inventory,80.0,CDM,-3.34,20.25,0.0,-1.04,1.7,0.462,1.001,0.022,0.004,-8.544,96.949,150.837,0.05,0.0,-14.384,0.164,0.74,1.05,-0.0,8.65,11.9,0.1,phi=80
2,0.03,inventory,80.0,PPO,0.0,0.0,0.0,,,0.0,,,,,,,0.0,0.0,,,,0.0,0.0,0.0,0.0,0.0,phi=80
2,0.03,inventory,80.0,PPO_narrow,-0.02,1.53,0.0,-12.99,323.42,0.009,2.0,0.0,0.0,-72.471,33.682,64.905,0.01,0.1,-9.304,1.5,2.97,0.03,0.01,0.11,0.13,0.02,phi=80
2,0.005,inventory,80.0,DeployWide,18.85,12.93,17.96,0.16,-0.74,0.938,30.0,0.0,0.0,0.995,18.672,28.608,0.0,0.0,0.0,0.0,0.0,1.0,-0.11,20.64,1.68,0.0,phi=80
2,0.005,inventory,80.0,ArrivalRebalance,42.47,20.58,40.34,0.5,0.21,0.995,2.0,0.0,0.0,0.489,15.056,7.782,3.0,0.3,0.0,0.0,0.0,4.0,-0.17,52.46,3.82,6.0,phi=80
2,0.005,inventory,80.0,DeployNarrow,23.35,19.68,19.64,0.98,1.19,0.932,2.0,0.0,0.0,0.995,18.672,28.608,0.0,0.0,0.0,0.0,0.0,1.0,-0.1,25.46,2.01,0.0,phi=80
2,0.005,inventory,80.0,CDM,28.21,8.05,28.46,-0.16,-0.28,1.0,29.903,1.624,0.053,0.15,11.561,5.87,3.02,0.3,-3.949,6.306,1.264,4.02,-0.12,37.28,2.92,6.04,phi=80
2,0.005,inventory,80.0,PPO,38.72,12.64,38.4,0.37,0.15,1.0,14.377,4.404,2.477,-5.18,14.573,5.479,4.13,41.26,-3.868,2.164,0.992,5.13,-0.03,50.94,3.94,8.25,phi=80
2,0.005,inventory,80.0,PPO_narrow,65.07,20.41,63.56,0.28,0.06,1.0,2.0,0.0,0.0,-1.284,14.106,4.978,6.72,67.2,-0.391,1.171,0.49,7.72,-0.08,84.76,6.17,13.44,phi=80
2,0.01,inventory,20.0,DeployWide,12.78,13.92,11.96,0.16,0.04,0.838,30.0,0.0,0.0,2.109,36.827,56.631,0.0,0.0,0.0,0.0,0.0,1.0,-0.22,16.69,3.68,0.0,phi=20
2,0.01,inventory,20.0,ArrivalRebalance,30.61,19.34,29.37,0.5,0.47,0.956,2.0,0.0,0.0,0.22,25.849,10.697,4.51,0.45,0.0,0.0,0.0,5.51,-0.41,48.96,8.92,9.02,phi=20
2,0.01,inventory,20.0,DeployNarrow,15.85,16.96,13.6,0.59,0.63,0.853,2.0,0.0,0.0,2.109,36.827,56.631,0.0,0.0,0.0,0.0,0.0,1.0,-0.2,20.1,4.04,0.0,phi=20
2,0.01,inventory,20.0,CDM,24.56,11.8,25.23,-0.39,0.31,0.973,29.914,1.53,0.046,0.101,13.449,4.307,7.58,0.76,-1.991,4.91,0.644,8.58,-0.23,50.6,10.67,15.15,phi=20
2,0.01,inventory,20.0,PPO,40.58,17.41,39.88,0.16,-0.07,0.994,5.482,4.27,2.042,-1.097,26.712,9.787,6.28,62.82,-0.944,3.323,1.535,7.28,-0.33,65.63,12.15,12.56,phi=20
2,0.01,inventory,20.0,PPO_narrow,49.07,20.6,47.69,0.17,-0.08,0.995,2.0,0.0,0.0,-0.164,26.575,9.797,7.59,75.86,-0.036,2.145,0.89,8.59,-0.4,78.43,13.79,15.17,phi=20
2,0.01,inventory,50.0,DeployWide,12.78,13.92,11.96,0.16,0.04,0.838,30.0,0.0,0.0,2.109,36.827,56.631,0.0,0.0,0.0,0.0,0.0,1.0,-0.22,16.69,3.68,0.0,phi=50
2,0.01,inventory,50.0,ArrivalRebalance,30.61,19.34,29.37,0.5,0.47,0.956,2.0,0.0,0.0,0.22,25.849,10.697,4.51,0.45,0.0,0.0,0.0,5.51,-0.41,48.96,8.92,9.02,phi=50
2,0.01,inventory,50.0,DeployNarrow,15.85,16.96,13.6,0.59,0.63,0.853,2.0,0.0,0.0,2.109,36.827,56.631,0.0,0.0,0.0,0.0,0.0,1.0,-0.2,20.1,4.04,0.0,phi=50
2,0.01,inventory,50.0,CDM,24.56,11.8,25.23,-0.39,0.31,0.973,29.914,1.53,0.046,0.101,13.449,4.307,7.58,0.76,-1.991,4.91,0.644,8.58,-0.23,50.6,10.67,15.15,phi=50
2,0.01,inventory,50.0,PPO,30.34,14.75,30.03,0.24,0.07,0.986,12.639,5.9,3.773,-6.515,27.276,11.955,4.67,46.71,-2.616,3.549,1.8,5.67,-0.17,49.65,9.8,9.34,phi=50
2,0.01,inventory,50.0,PPO_narrow,45.26,19.41,44.07,0.24,0.13,0.993,1.996,0.011,0.024,-2.89,27.063,10.089,7.09,70.95,-0.368,2.636,1.135,8.1,-0.33,72.61,12.84,14.19,phi=50
2,0.01,inventory,80.0,DeployWide,12.78,13.92,11.96,0.16,0.04,0.838,30.0,0.0,0.0,2.109,36.827,56.631,0.0,0.0,0.0,0.0,0.0,1.0,-0.22,16.69,3.68,0.0,phi=80
2,0.01,inventory,80.0,ArrivalRebalance,30.61,19.34,29.37,0.5,0.47,0.956,2.0,0.0,0.0,0.22,25.849,10.697,4.51,0.45,0.0,0.0,0.0,5.51,-0.41,48.96,8.92,9.02,phi=80
2,0.01,inventory,80.0,DeployNarrow,15.85,16.96,13.6,0.59,0.63,0.853,2.0,0.0,0.0,2.109,36.827,56.631,0.0,0.0,0.0,0.0,0.0,1.0,-0.2,20.1,4.04,0.0,phi=80
2,0.01,inventory,80.0,CDM,24.56,11.8,25.23,-0.39,0.31,0.973,29.914,1.53,0.046,0.101,13.449,4.307,7.58,0.76,-1.991,4.91,0.644,8.58,-0.23,50.6,10.67,15.15,phi=80
2,0.01,inventory,80.0,PPO,19.17,12.99,17.27,0.58,-0.13,0.979,19.167,2.939,3.11,-26.247,31.698,25.318,2.45,24.53,-4.474,2.302,1.795,3.45,-0.14,30.48,6.26,4.91,phi=80
2,0.01,inventory,80.0,PPO_narrow,29.25,16.61,27.41,0.57,0.45,0.985,1.958,0.072,0.109,-10.897,27.613,16.639,3.85,38.5,-0.861,3.224,2.193,4.85,-0.3,45.82,8.56,7.7,phi=80
2,0.015,inventory,20.0,DeployWide,7.94,14.66,8.43,-0.31,0.5,0.765,30.0,0.0,0.0,3.262,54.021,83.384,0.0,0.0,0.0,0.0,0.0,1.0,-0.33,13.96,5.69,0.0,phi=20
2,0.015,inventory,20.0,ArrivalRebalance,19.55,19.7,19.26,0.15,0.57,0.856,2.0,0.0,0.0,0.936,33.21,13.222,5.04,0.5,0.0,0.0,0.0,6.04,-0.29,44.68,14.76,10.08,phi=20
2,0.015,inventory,20.0,DeployNarrow,10.72,16.94,10.58,0.15,0.77,0.791,2.0,0.0,0.0,3.262,54.021,83.384,0.0,0.0,0.0,0.0,0.0,1.0,-0.31,17.09,6.06,0.0,phi=20
2,0.015,inventory,20.0,CDM,8.0,16.75,9.45,-0.57,0.52,0.728,29.894,1.671,0.076,0.16,14.332,4.114,12.23,1.22,-1.571,4.386,0.709,13.23,-0.35,54.85,22.04,24.46,phi=20
2,0.015,inventory,20.0,PPO,20.36,16.39,20.44,-0.09,0.13,0.894,12.769,7.915,3.59,-4.115,39.244,17.269,5.03,50.29,-1.621,4.337,2.146,6.03,-0.09,46.94,16.43,10.06,phi=20
2,0.015,inventory,20.0,PPO_narrow,31.31,19.43,31.21,0.05,0.19,0.959,2.0,0.0,0.003,-1.268,39.737,17.212,6.4,64.03,-0.373,2.854,1.307,7.4,-0.46,63.48,18.9,12.81,phi=20
2,0.015,inventory,50.0,DeployWide,7.94,14.66,8.43,-0.31,0.5,0.765,30.0,0.0,0.0,3.262,54.021,83.384,0.0,0.0,0.0,0.0,0.0,1.0,-0.33,13.96,5.69,0.0,phi=50
2,0.015,inventory,50.0,ArrivalRebalance,19.55,19.7,19.26,0.15,0.57,0.856,2.0,0.0,0.0,0.936,33.21,13.222,5.04,0.5,0.0,0.0,0.0,6.04,-0.29,44.68,14.76,10.08,phi=50
2,0.015,inventory,50.0,DeployNarrow,10.72,16.94,10.58,0.15,0.77,0.791,2.0,0.0,0.0,3.262,54.021,83.384,0.0,0.0,0.0,0.0,0.0,1.0,-0.31,17.09,6.06,0.0,phi=50
2,0.015,inventory,50.0,CDM,8.0,16.75,9.45,-0.57,0.52,0.728,29.894,1.671,0.076,0.16,14.332,4.114,12.23,1.22,-1.571,4.386,0.709,13.23,-0.35,54.85,22.04,24.46,phi=50
2,0.015,inventory,50.0,PPO,8.21,10.28,6.39,0.63,1.28,0.835,20.64,2.883,4.758,-40.176,40.995,51.709,1.28,12.85,-2.762,2.138,3.002,2.26,-0.16,17.49,6.55,2.57,phi=50
2,0.015,inventory,50.0,PPO_narrow,13.39,11.82,11.65,0.71,0.93,0.908,2.0,0.0,0.0,-24.063,38.457,38.278,1.63,16.28,-0.246,1.096,1.351,2.61,0.03,24.13,7.51,3.26,phi=50
2,0.015,inventory,80.0,DeployWide,7.94,14.66,8.43,-0.31,0.5,0.765,30.0,0.0,0.0,3.262,54.021,83.384,0.0,0.0,0.0,0.0,0.0,1.0,-0.33,13.96,5.69,0.0,phi=80
2,0.015,inventory,80.0,ArrivalRebalance,19.55,19.7,19.26,0.15,0.57,0.856,2.0,0.0,0.0,0.936,33.21,13.222,5.04,0.5,0.0,0.0,0.0,6.04,-0.29,44.68,14.76,10.08,phi=80
2,0.015,inventory,80.0,DeployNarrow,10.72,16.94,10.58,0.15,0.77,0.791,2.0,0.0,0.0,3.262,54.021,83.384,0.0,0.0,0.0,0.0,0.0,1.0,-0.31,17.09,6.06,0.0,phi=80
2,0.015,inventory,80.0,CDM,8.0,16.75,9.45,-0.57,0.52,0.728,29.894,1.671,0.076,0.16,14.332,4.114,12.23,1.22,-1.571,4.386,0.709,13.23,-0.35,54.85,22.04,24.46,phi=80
2,0.015,inventory,80.0,PPO,2.13,4.13,0.27,1.11,2.92,0.541,18.147,0.211,3.371,-16.684,7.402,39.885,0.07,0.67,-1.346,0.427,4.598,0.69,-0.07,3.51,1.17,0.13,phi=80
2,0.015,inventory,80.0,PPO_narrow,4.06,6.7,1.86,1.85,6.1,0.597,1.965,0.035,0.129,-12.797,9.219,38.311,0.14,1.36,1.017,0.676,2.122,0.81,-0.07,6.26,1.86,0.27,phi=80
2,0.02,inventory,20.0,DeployWide,4.09,16.27,6.27,-0.74,0.98,0.689,30.0,0.0,0.0,4.404,69.875,108.286,0.0,0.0,0.0,0.0,0.0,1.0,-0.44,12.22,7.69,0.0,phi=20
2,0.02,inventory,20.0,ArrivalRebalance,7.95,20.47,8.05,-0.28,0.74,0.672,2.0,0.0,0.0,0.678,39.307,16.048,5.81,0.58,0.0,0.0,0.0,6.81,-0.31,40.7,20.82,11.61,phi=20
2,0.02,inventory,20.0,DeployNarrow,6.48,17.95,7.58,-0.3,0.96,0.73,2.0,0.0,0.0,4.404,69.875,108.286,0.0,0.0,0.0,0.0,0.0,1.0,-0.41,14.95,8.07,0.0,phi=20
2,0.02,inventory,20.0,CDM,-39.33,50.64,-26.16,-1.98,6.1,0.176,29.533,3.252,0.492,0.11,14.773,4.419,28.55,2.86,-2.876,5.288,1.86,29.55,-0.48,53.77,35.52,57.1,phi=20
2,0.02,inventory,20.0,PPO,5.84,13.26,5.74,-0.51,1.98,0.747,19.486,2.149,3.705,-52.396,66.815,67.496,1.73,17.34,-3.54,1.299,1.385,2.73,-0.25,21.08,11.52,3.47,phi=20
2,0.02,inventory,20.0,PPO_narrow,8.33,11.98,7.82,0.05,0.65,0.787,2.0,0.0,0.0,-16.89,45.523,51.154,1.2,12.02,-0.072,0.58,0.719,2.18,-0.22,19.07,8.11,2.4,phi=20
4,0.005,pnl,0.0,DeployWide,18.85,12.93,17.96,0.16,-0.74,0.938,30.0,0.0,0.0,0.995,18.672,28.608,0.0,0.0,0.0,0.0,0.0,1.0,-0.11,20.64,1.68,0.0,pnl
4,0.005,pnl,0.0,ArrivalRebalance,36.34,20.53,34.19,0.5,0.21,0.984,2.0,0.0,0.0,0.489,15.056,7.782,3.0,0.3,0.0,0.0,0.0,4.0,-0.17,52.32,3.81,12.0,pnl
4,0.005,pnl,0.0,DeployNarrow,23.35,19.68,19.64,0.98,1.19,0.932,2.0,0.0,0.0,0.995,18.672,28.608,0.0,0.0,0.0,0.0,0.0,1.0,-0.1,25.46,2.01,0.0,pnl
4,0.005,pnl,0.0,CDM,22.04,9.77,22.23,-0.17,-0.25,0.985,29.903,1.624,0.053,0.15,11.561,5.87,3.02,0.3,-3.949,6.306,1.264,4.02,-0.11,37.14,2.91,12.07,pnl
4,0.005,pnl,0.0,PPO,48.8,20.19,47.57,0.27,-0.06,0.998,2.877,0.969,0.823,0.347,14.608,5.42,4.0,39.98,-0.097,0.896,0.518,5.0,-0.14,70.12,5.19,15.99,pnl
4,0.005,pnl,0.0,PPO_narrow,54.0,22.26,52.74,0.26,0.05,0.997,2.0,0.0,0.0,0.017,14.072,5.241,5.32,53.18,-0.114,0.889,0.45,6.32,-0.1,81.33,5.96,21.27,pnl
4,0.01,pnl,0.0,DeployWide,12.78,13.92,11.96,0.16,0.04,0.838,30.0,0.0,0.0,2.109,36.827,56.631,0.0,0.0,0.0,0.0,0.0,1.0,-0.22,16.69,3.68,0.0,pnl
4,0.01,pnl,0.0,ArrivalRebalance,21.43,19.44,20.02,0.49,0.5,0.882,2.0,0.0,0.0,0.22,25.849,10.697,4.51,0.45,0.0,0.0,0.0,5.51,-0.41,48.76,8.88,18.04,pnl
4,0.01,pnl,0.0,DeployNarrow,15.85,16.96,13.6,0.59,0.63,0.853,2.0,0.0,0.0,2.109,36.827,56.631,0.0,0.0,0.0,0.0,0.0,1.0,-0.2,20.1,4.04,0.0,pnl
4,0.01,pnl,0.0,CDM,9.06,15.54,10.13,-0.37,0.28,0.747,29.914,1.53,0.046,0.101,13.449,4.307,7.58,0.76,-1.991,4.91,0.644,8.58,-0.22,50.16,10.57,30.31,pnl
4,0.01,pnl,0.0,PPO,25.12,17.12,24.79,0.12,0.41,0.934,9.347,5.078,4.081,0.269,28.106,11.953,3.69,36.95,0.327,2.992,1.754,4.7,-0.23,49.83,9.7,14.78,pnl
4,0.01,pnl,0.0,PPO_narrow,32.87,19.88,32.29,0.21,0.29,0.961,2.0,0.0,0.0,1.632,27.778,10.95,4.63,46.26,0.186,1.258,0.772,5.63,-0.22,63.18,11.59,18.5,pnl
4,0.015,pnl,0.0,DeployWide,7.94,14.66,8.43,-0.31,0.5,0.765,30.0,0.0,0.0,3.262,54.021,83.384,0.0,0.0,0.0,0.0,0.0,1.0,-0.33,13.96,5.69,0.0,pnl
4,0.015,pnl,0.0,ArrivalRebalance,9.33,19.67,9.06,0.14,0.59,0.684,2.0,0.0,0.0,0.936,33.21,13.222,5.04,0.5,0.0,0.0,0.0,6.04,-0.29,44.46,14.69,20.16,pnl
4,0.015,pnl,0.0,DeployNarrow,10.72,16.94,10.58,0.15,0.77,0.791,2.0,0.0,0.0,3.262,54.021,83.384,0.0,0.0,0.0,0.0,0.0,1.0,-0.31,17.09,6.06,0.0,pnl
4,0.015,pnl,0.0,CDM,-16.89,21.88,-14.92,-0.48,0.34,0.226,29.894,1.671,0.076,0.163,14.332,4.112,12.23,1.22,-1.57,4.386,0.706,13.23,-0.34,54.09,21.72,48.91,pnl
4,0.015,pnl,0.0,PPO,12.91,17.36,12.14,0.13,0.36,0.781,9.976,4.788,4.806,3.99,48.71,31.788,1.39,13.9,0.342,1.331,1.43,2.39,-0.06,28.5,9.98,5.56,pnl
4,0.015,pnl,0.0,PPO_narrow,18.31,18.73,17.35,0.28,0.48,0.836,2.0,0.0,0.0,4.175,47.085,25.614,2.49,24.93,0.111,0.655,0.548,3.49,-0.46,41.02,12.28,9.97,pnl
4,0.02,pnl,0.0,DeployWide,4.09,16.27,6.27,-0.74,0.98,0.689,30.0,0.0,0.0,4.404,69.875,108.286,0.0,0.0,0.0,0.0,0.0,1.0,-0.44,12.22,7.69,0.0,pnl
4,0.02,pnl,0.0,ArrivalRebalance,-3.75,20.55,-3.65,-0.27,0.74,0.426,2.0,0.0,0.0,0.678,39.307,16.048,5.81,0.58,0.0,0.0,0.0,6.81,-0.31,40.49,20.71,23.22,pnl
4,0.02,pnl,0.0,DeployNarrow,6.48,17.95,7.58,-0.3,0.96,0.73,2.0,0.0,0.0,4.404,69.875,108.286,0.0,0.0,0.0,0.0,0.0,1.0,-0.41,14.95,8.07,0.0,pnl
4,0.02,pnl,0.0,CDM,-89.78,77.85,-65.13,-1.88,5.0,0.018,29.559,3.19,0.44,0.113,14.776,4.386,26.76,2.68,-2.823,5.267,1.804,27.76,-0.46,51.83,34.11,107.05,pnl
4,0.02,pnl,0.0,PPO,5.09,17.68,6.5,-0.45,0.74,0.685,10.537,0.552,1.743,19.202,71.203,101.18,0.13,1.34,1.149,0.185,0.74,1.13,-0.16,14.69,8.9,0.54,pnl
4,0.02,pnl,0.0,PPO_narrow,6.6,18.46,7.59,-0.3,0.7,0.711,2.0,0.0,0.0,16.102,70.192,106.69,0.14,1.4,0.05,0.078,0.231,1.14,-0.19,16.21,8.86,0.56,pnl
4,0.025,pnl,0.0,DeployWide,0.81,18.36,4.94,-1.03,1.35,0.656,30.0,0.0,0.0,5.466,84.24,130.884,0.0,0.0,0.0,0.0,0.0,1.0,-0.55,11.03,9.67,0.0,pnl
4,0.025,pnl,0.0,ArrivalRebalance,-13.39,23.18,-12.61,-0.43,0.92,0.289,2.0,0.0,0.0,0.793,43.337,18.484,6.0,0.6,0.0,0.0,0.0,7.0,-0.67,37.66,26.4,23.98,pnl
4,0.025,pnl,0.0,DeployNarrow,2.89,19.43,4.84,-0.73,1.23,0.674,2.0,0.0,0.0,5.466,84.24,130.884,0.0,0.0,0.0,0.0,0.0,1.0,-0.51,13.44,10.05,0.0,pnl
4,0.025,pnl,0.0,CDM,-8.34,21.69,-0.99,-1.51,3.58,0.341,1.027,0.551,0.045,-22.739,83.817,125.336,1.88,0.19,-12.122,3.024,2.766,2.88,-0.01,10.79,11.6,7.52,pnl
4,0.025,pnl,0.0,PPO,1.2,18.62,5.08,-0.76,1.29,0.601,10.0,0.0,0.0,1.109,84.328,141.414,0.0,0.0,-5.0,0.0,0.0,1.0,-0.29,11.53,10.05,0.0,pnl
4,0.025,pnl,0.0,PPO_narrow,2.89,19.43,4.84,-0.73,1.23,0.674,2.0,0.0,0.0,6.109,84.328,141.414,0.0,0.0,0.0,0.0,0.0,1.0,-0.23,13.44,10.32,0.0,pnl
4,0.03,pnl,0.0,DeployWide,-2.12,20.71,3.51,-1.21,1.6,0.622,30.0,0.0,0.0,6.296,96.948,150.88,0.0,0.0,0.0,0.0,0.0,1.0,-0.66,10.12,11.58,0.0,pnl
4,0.03,pnl,0.0,ArrivalRebalance,-22.62,25.97,-18.96,-0.82,1.67,0.179,2.0,0.0,0.0,1.055,46.168,21.107,6.0,0.6,0.0,0.0,0.0,7.0,-1.04,34.78,32.36,24.0,pnl
4,0.03,pnl,0.0,DeployNarrow,0.1,21.61,4.59,-0.99,1.41,0.639,2.0,0.0,0.0,6.296,96.948,150.88,0.0,0.0,0.0,0.0,0.0,1.0,-0.61,12.69,11.99,0.0,pnl
4,0.03,pnl,0.0,CDM,-3.44,20.23,0.0,-1.05,1.71,0.461,1.001,0.022,0.004,-8.544,96.949,150.837,0.05,0.0,-14.384,0.164,0.74,1.05,-0.0,8.65,11.9,0.19,pnl
4,0.03,pnl,0.0,PPO,-1.9,20.89,3.78,-1.18,1.55,0.622,24.0,0.0,0.0,8.076,97.203,163.306,0.0,0.0,1.0,0.0,0.0,1.0,-0.3,10.42,12.02,0.0,pnl
4,0.03,pnl,0.0,PPO_narrow,-0.35,21.62,3.11,-1.01,1.48,0.631,2.0,0.0,0.0,8.212,97.304,163.336,0.01,0.09,0.984,0.024,0.312,1.01,-0.29,12.25,12.27,0.04,pnl
4,0.005,inventory,20.0,DeployWide,18.85,12.93,17.96,0.16,-0.74,0.938,30.0,0.0,0.0,0.995,18.672,28.608,0.0,0.0,0.0,0.0,0.0,1.0,-0.11,20.64,1.68,0.0,phi=20
4,0.005,inventory,20.0,ArrivalRebalance,36.34,20.53,34.19,0.5,0.21,0.984,2.0,0.0,0.0,0.489,15.056,7.782,3.0,0.3,0.0,0.0,0.0,4.0,-0.17,52.32,3.81,12.0,phi=20
4,0.005,inventory,20.0,DeployNarrow,23.35,19.68,19.64,0.98,1.19,0.932,2.0,0.0,0.0,0.995,18.672,28.608,0.0,0.0,0.0,0.0,0.0,1.0,-0.1,25.46,2.01,0.0,phi=20
4,0.005,inventory,20.0,CDM,22.04,9.77,22.23,-0.17,-0.25,0.985,29.903,1.624,0.053,0.15,11.561,5.87,3.02,0.3,-3.949,6.306,1.264,4.02,-0.11,37.14,2.91,12.07,phi=20
4,0.005,inventory,20.0,PPO,47.54,20.01,46.07,0.16,-0.12,0.995,2.915,0.835,0.773,-1.512,14.622,5.849,3.75,37.46,-0.37,0.938,0.54,4.75,-0.07,67.61,5.02,14.98,phi=20
4,0.005,inventory,20.0,PPO_narrow,53.44,21.47,52.12,0.25,0.13,0.997,2.0,0.0,0.0,-0.075,14.126,5.186,5.32,53.2,-0.022,0.913,0.43,6.32,-0.09,80.8,5.99,21.28,phi=20
4,0.005,inventory,50.0,DeployWide,18.85,12.93,17.96,0.16,-0.74,0.938,30.0,0.0,0.0,0.995,18.672,28.608,0.0,0.0,0.0,0.0,0.0,1.0,-0.11,20.64,1.68,0.0,phi=50
4,0.005,inventory,50.0,ArrivalRebalance,36.34,20.53,34.19,0.5,0.21,0.984,2.0,0.0,0.0,0.489,15.056,7.782,3.0,0.3,0.0,0.0,0.0,4.0,-0.17,52.32,3.81,12.0,phi=50
4,0.005,inventory,50.0,DeployNarrow,23.35,19.68,19.64,0.98,1.19,0.932,2.0,0.0,0.0,0.995,18.672,28.608,0.0,0.0,0.0,0.0,0.0,1.0,-0.1,25.46,2.01,0.0,phi=50
4,0.005,inventory,50.0,CDM,22.04,9.77,22.23,-0.17,-0.25,0.985,29.903,1.624,0.053,0.15,11.561,5.87,3.02,0.3,-3.949,6.306,1.264,4.02,-0.11,37.14,2.91,12.07,phi=50
4,0.005,inventory,50.0,PPO,35.48,17.87,34.34,0.52,0.5,0.99,8.65,3.338,3.053,-5.177,15.156,7.095,3.24,32.39,-1.864,2.384,1.327,4.24,-0.1,52.48,3.95,12.96,phi=50
4,0.005,inventory,50.0,PPO_narrow,50.54,21.19,50.09,0.3,-0.1,0.998,2.0,0.0,0.0,-1.895,14.392,5.566,4.99,49.89,-0.261,1.121,0.584,5.99,-0.12,76.24,5.62,19.96,phi=50
4,0.02,inventory,50.0,DeployWide,4.09,16.27,6.27,-0.74,0.98,0.689,30.0,0.0,0.0,4.404,69.875,108.286,0.0,0.0,0.0,0.0,0.0,1.0,-0.44,12.22,7.69,0.0,phi=50
4,0.02,inventory,50.0,ArrivalRebalance,-3.75,20.55,-3.65,-0.27,0.74,0.426,2.0,0.0,0.0,0.678,39.307,16.048,5.81,0.58,0.0,0.0,0.0,6.81,-0.31,40.49,20.71,23.22,phi=50
4,0.02,inventory,50.0,DeployNarrow,6.48,17.95,7.58,-0.3,0.96,0.73,2.0,0.0,0.0,4.404,69.875,108.286,0.0,0.0,0.0,0.0,0.0,1.0,-0.41,14.95,8.07,0.0,phi=50
4,0.02,inventory,50.0,CDM,-89.78,77.85,-65.13,-1.88,5.0,0.018,29.559,3.19,0.44,0.113,14.776,4.386,26.76,2.68,-2.823,5.267,1.804,27.76,-0.46,51.83,34.11,107.05,phi=50
4,0.02,inventory,50.0,PPO,1.52,4.12,0.2,-0.24,2.16,0.514,20.826,0.0,3.666,-7.7,0.038,46.244,0.0,0.0,-0.042,0.0,1.502,0.66,0.0,3.01,1.49,0.0,phi=50
4,0.02,inventory,50.0,PPO_narrow,2.35,5.47,0.33,0.9,3.14,0.52,2.0,0.0,0.0,-5.888,1.271,46.843,0.01,0.12,0.418,0.045,0.649,0.67,-0.0,4.22,1.82,0.05,phi=50
4,0.02,inventory,80.0,DeployWide,4.09,16.27,6.27,-0.74,0.98,0.689,30.0,0.0,0.0,4.404,69.875,108.286,0.0,0.0,0.0,0.0,0.0,1.0,-0.44,12.22,7.69,0.0,phi=80
4,0.02,inventory,80.0,ArrivalRebalance,-3.75,20.55,-3.65,-0.27,0.74,0.426,2.0,0.0,0.0,0.678,39.307,16.048,5.81,0.58,0.0,0.0,0.0,6.81,-0.31,40.49,20.71,23.22,phi=80
4,0.02,inventory,80.0,DeployNarrow,6.48,17.95,7.58,-0.3,0.96,0.73,2.0,0.0,0.0,4.404,69.875,108.286,0.0,0.0,0.0,0.0,0.0,1.0,-0.41,14.95,8.07,0.0,phi=80
4,0.02,inventory,80.0,CDM,-89.78,77.85,-65.13,-1.88,5.0,0.018,29.559,3.19,0.44,0.113,14.776,4.386,26.76,2.68,-2.823,5.267,1.804,27.76,-0.46,51.83,34.11,107.05,phi=80
4,0.02,inventory,80.0,PPO,0.24,1.74,0.0,0.46,24.53,0.126,16.708,0.0,5.491,-22.995,0.226,43.459,0.0,0.0,-6.308,0.0,3.453,0.2,0.0,0.56,0.32,0.0,phi=80
4,0.02,inventory,80.0,PPO_narrow,0.0,0.0,0.0,,,0.0,,,,,,,0.0,0.0,,,,0.0,0.0,0.0,0.0,0.0,phi=80
4,0.025,inventory,20.0,DeployWide,0.81,18.36,4.94,-1.03,1.35,0.656,30.0,0.0,0.0,5.466,84.24,130.884,0.0,0.0,0.0,0.0,0.0,1.0,-0.55,11.03,9.67,0.0,phi=20
4,0.025,inventory,20.0,ArrivalRebalance,-13.39,23.18,-12.61,-0.43,0.92,0.289,2.0,0.0,0.0,0.793,43.337,18.484,6.0,0.6,0.0,0.0,0.0,7.0,-0.67,37.66,26.4,23.98,phi=20
4,0.025,inventory,20.0,DeployNarrow,2.89,19.43,4.84,-0.73,1.23,0.674,2.0,0.0,0.0,5.466,84.24,130.884,0.0,0.0,0.0,0.0,0.0,1.0,-0.51,13.44,10.05,0.0,phi=20
4,0.025,inventory,20.0,CDM,-8.34,21.69,-0.99,-1.51,3.58,0.341,1.027,0.551,0.045,-22.739,83.817,125.336,1.88,0.19,-12.122,3.024,2.766,2.88,-0.01,10.79,11.6,7.52,phi=20
4,0.025,inventory,20.0,PPO,1.53,7.46,1.26,-1.03,2.74,0.574,21.791,0.013,5.63,-5.612,19.818,65.153,0.01,0.05,1.159,0.007,2.485,0.81,-0.11,4.86,3.19,0.02,phi=20
4,0.025,inventory,20.0,PPO_narrow,2.16,7.48,0.0,0.15,2.72,0.431,2.0,0.0,0.0,-0.164,12.222,58.906,0.02,0.17,-1.07,0.042,1.559,0.71,-0.07,4.9,2.61,0.07,phi=20
4,0.025,inventory,50.0,DeployWide,0.81,18.36,4.94,-1.03,1.35,0.656,30.0,0.0,0.0,5.466,84.24,130.884,0.0,0.0,0.0,0.0,0.0,1.0,-0.55,11.03,9.67,0.0,phi=50
4,0.025,inventory,50.0,ArrivalRebalance,-13.39,23.18,-12.61,-0.43,0.92,0.289,2.0,0.0,0.0,0.793,43.337,18.484,6.0,0.6,0.0,0.0,0.0,7.0,-0.67,37.66,26.4,23.98,phi=50
4,0.025,inventory,50.0,DeployNarrow,2.89,19.43,4.84,-0.73,1.23,0.674,2.0,0.0,0.0,5.466,84.24,130.884,0.0,0.0,0.0,0.0,0.0,1.0,-0.51,13.44,10.05,0.0,phi=50
4,0.025,inventory,50.0,CDM,-8.34,21.69,-0.99,-1.51,3.58,0.341,1.027,0.551,0.045,-22.739,83.817,125.336,1.88,0.19,-12.122,3.024,2.766,2.88,-0.01,10.79,11.6,7.52,phi=50
4,0.025,inventory,50.0,PPO,0.31,2.16,0.0,-1.59,24.28,0.142,26.428,0.0,1.309,-13.52,0.0,48.511,0.0,0.0,-0.214,0.0,1.666,0.17,0.0,0.76,0.46,0.0,phi=50
4,0.025,inventory,50.0,PPO_narrow,0.22,2.17,0.0,3.42,46.28,0.054,2.0,0.0,0.0,-9.453,1.833,49.095,0.0,0.0,1.202,0.0,3.251,0.09,0.01,0.47,0.26,0.0,phi=50
4,0.025,inventory,80.0,DeployWide,0.81,18.36,4.94,-1.03,1.35,0.656,30.0,0.0,0.0,5.466,84.24,130.884,0.0,0.0,0.0,0.0,0.0,1.0,-0.55,11.03,9.67,0.0,phi=80
4,0.025,inventory,80.0,ArrivalRebalance,-13.39,23.18,-12.61,-0.43,0.92,0.289,2.0,0.0,0.0,0.793,43.337,18.484,6.0,0.6,0.0,0.0,0.0,7.0,-0.67,37.66,26.4,23.98,phi=80
4,0.025,inventory,80.0,DeployNarrow,2.89,19.43,4.84,-0.73,1.23,0.674,2.0,0.0,0.0,5.466,84.24,130.884,0.0,0.0,0.0,0.0,0.0,1.0,-0.51,13.44,10.05,0.0,phi=80
4,0.025,inventory,80.0,CDM,-8.34,21.69,-0.99,-1.51,3.58,0.341,1.027,0.551,0.045,-22.739,83.817,125.336,1.88,0.19,-12.122,3.024,2.766,2.88,-0.01,10.79,11.6,7.52,phi=80
4,0.025,inventory,80.0,PPO,0.0,0.0,0.0,,,0.0,,,,,,,0.0,0.0,,,,0.0,0.0,0.0,0.0,0.0,phi=80
4,0.025,inventory,80.0,PPO_narrow,0.0,0.77,0.0,6.03,486.53,0.002,2.0,0.0,0.0,-20.167,0.0,60.204,0.0,0.0,-1.333,0.0,3.771,0.01,0.0,0.03,0.03,0.0,phi=80
4,0.03,inventory,20.0,DeployWide,-2.12,20.71,3.51,-1.21,1.6,0.622,30.0,0.0,0.0,6.296,96.948,150.88,0.0,0.0,0.0,0.0,0.0,1.0,-0.66,10.12,11.58,0.0,phi=20
4,0.03,inventory,20.0,ArrivalRebalance,-22.62,25.97,-18.96,-0.82,1.67,0.179,2.0,0.0,0.0,1.055,46.168,21.107,6.0,0.6,0.0,0.0,0.0,7.0,-1.04,34.78,32.36,24.0,phi=20
4,0.03,inventory,20.0,DeployNarrow,0.1,21.61,4.59,-0.99,1.41,0.639,2.0,0.0,0.0,6.296,96.948,150.88,0.0,0.0,0.0,0.0,0.0,1.0,-0.61,12.69,11.99,0.0,phi=20
4,0.03,inventory,20.0,CDM,-3.44,20.23,0.0,-1.05,1.71,0.461,1.001,0.022,0.004,-8.544,96.949,150.837,0.05,0.0,-14.384,0.164,0.74,1.05,-0.0,8.65,11.9,0.19,phi=20
4,0.03,inventory,20.0,PPO,0.34,5.37,0.0,-1.35,7.14,0.328,13.693,0.0,6.939,-0.215,2.699,55.78,0.0,0.0,1.624,0.0,6.478,0.49,0.01,2.11,1.78,0.0,phi=20
4,0.03,inventory,20.0,PPO_narrow,0.93,5.52,0.0,-0.04,5.36,0.304,2.0,0.0,0.0,-10.16,7.33,58.616,0.0,0.0,0.393,0.0,1.344,0.45,-0.05,2.84,1.85,0.0,phi=20
4,0.03,inventory,50.0,DeployWide,-2.12,20.71,3.51,-1.21,1.6,0.622,30.0,0.0,0.0,6.296,96.948,150.88,0.0,0.0,0.0,0.0,0.0,1.0,-0.66,10.12,11.58,0.0,phi=50
4,0.03,inventory,50.0,ArrivalRebalance,-22.62,25.97,-18.96,-0.82,1.67,0.179,2.0,0.0,0.0,1.055,46.168,21.107,6.0,0.6,0.0,0.0,0.0,7.0,-1.04,34.78,32.36,24.0,phi=50
4,0.03,inventory,50.0,DeployNarrow,0.1,21.61,4.59,-0.99,1.41,0.639,2.0,0.0,0.0,6.296,96.948,150.88,0.0,0.0,0.0,0.0,0.0,1.0,-0.61,12.69,11.99,0.0,phi=50
4,0.03,inventory,50.0,CDM,-3.44,20.23,0.0,-1.05,1.71,0.461,1.001,0.022,0.004,-8.544,96.949,150.837,0.05,0.0,-14.384,0.164,0.74,1.05,-0.0,8.65,11.9,0.19,phi=50
4,0.03,inventory,50.0,PPO,0.0,0.0,0.0,,,0.0,,,,,,,0.0,0.0,,,,0.0,0.0,0.0,0.0,0.0,phi=50
4,0.03,inventory,50.0,PPO_narrow,0.0,0.0,0.0,,,0.0,,,,,,,0.0,0.0,,,,0.0,0.0,0.0,0.0,0.0,phi=50
4,0.03,inventory,80.0,DeployWide,-2.12,20.71,3.51,-1.21,1.6,0.622,30.0,0.0,0.0,6.296,96.948,150.88,0.0,0.0,0.0,0.0,0.0,1.0,-0.66,10.12,11.58,0.0,phi=80
4,0.03,inventory,80.0,ArrivalRebalance,-22.62,25.97,-18.96,-0.82,1.67,0.179,2.0,0.0,0.0,1.055,46.168,21.107,6.0,0.6,0.0,0.0,0.0,7.0,-1.04,34.78,32.36,24.0,phi=80
4,0.03,inventory,80.0,DeployNarrow,0.1,21.61,4.59,-0.99,1.41,0.639,2.0,0.0,0.0,6.296,96.948,150.88,0.0,0.0,0.0,0.0,0.0,1.0,-0.61,12.69,11.99,0.0,phi=80
4,0.03,inventory,80.0,CDM,-3.44,20.23,0.0,-1.05,1.71,0.461,1.001,0.022,0.004,-8.544,96.949,150.837,0.05,0.0,-14.384,0.164,0.74,1.05,-0.0,8.65,11.9,0.19,phi=80
4,0.03,inventory,80.0,PPO,0.0,0.0,0.0,,,0.0,,,,,,,0.0,0.0,,,,0.0,0.0,0.0,0.0,0.0,phi=80
4,0.03,inventory,80.0,PPO_narrow,0.0,0.0,0.0,,,0.0,,,,,,,0.0,0.0,,,,0.0,0.0,0.0,0.0,0.0,phi=80
4,0.005,inventory,80.0,DeployWide,18.85,12.93,17.96,0.16,-0.74,0.938,30.0,0.0,0.0,0.995,18.672,28.608,0.0,0.0,0.0,0.0,0.0,1.0,-0.11,20.64,1.68,0.0,phi=80
4,0.005,inventory,80.0,ArrivalRebalance,36.34,20.53,34.19,0.5,0.21,0.984,2.0,0.0,0.0,0.489,15.056,7.782,3.0,0.3,0.0,0.0,0.0,4.0,-0.17,52.32,3.81,12.0,phi=80
4,0.005,inventory,80.0,DeployNarrow,23.35,19.68,19.64,0.98,1.19,0.932,2.0,0.0,0.0,0.995,18.672,28.608,0.0,0.0,0.0,0.0,0.0,1.0,-0.1,25.46,2.01,0.0,phi=80
4,0.005,inventory,80.0,CDM,22.04,9.77,22.23,-0.17,-0.25,0.985,29.903,1.624,0.053,0.15,11.561,5.87,3.02,0.3,-3.949,6.306,1.264,4.02,-0.11,37.14,2.91,12.07,phi=80
4,0.005,inventory,80.0,PPO,20.55,14.28,19.07,0.54,-0.37,0.999,17.071,1.075,1.974,-20.009,17.331,18.59,1.29,12.93,-6.119,0.951,0.945,2.29,-0.01,27.93,2.2,5.17,phi=80
4,0.005,inventory,80.0,PPO_narrow,33.64,23.34,29.38,0.81,0.57,0.993,2.0,0.0,0.0,-16.224,17.514,17.682,2.09,20.87,-0.348,0.688,0.651,3.09,-0.04,45.32,3.29,8.35,phi=80
4,0.01,inventory,20.0,DeployWide,12.78,13.92,11.96,0.16,0.04,0.838,30.0,0.0,0.0,2.109,36.827,56.631,0.0,0.0,0.0,0.0,0.0,1.0,-0.22,16.69,3.68,0.0,phi=20
4,0.01,inventory,20.0,ArrivalRebalance,21.43,19.44,20.02,0.49,0.5,0.882,2.0,0.0,0.0,0.22,25.849,10.697,4.51,0.45,0.0,0.0,0.0,5.51,-0.41,48.76,8.88,18.04,phi=20
4,0.01,inventory,20.0,DeployNarrow,15.85,16.96,13.6,0.59,0.63,0.853,2.0,0.0,0.0,2.109,36.827,56.631,0.0,0.0,0.0,0.0,0.0,1.0,-0.2,20.1,4.04,0.0,phi=20
4,0.01,inventory,20.0,CDM,9.06,15.54,10.13,-0.37,0.28,0.747,29.914,1.53,0.046,0.101,13.449,4.307,7.58,0.76,-1.991,4.91,0.644,8.58,-0.22,50.16,10.57,30.31,phi=20
4,0.01,inventory,20.0,PPO,24.09,16.72,23.09,0.3,0.39,0.933,8.959,3.553,4.138,-5.008,29.58,13.448,2.89,28.86,-1.257,2.488,1.677,3.89,-0.41,44.49,8.45,11.54,phi=20
4,0.01,inventory,20.0,PPO_narrow,32.12,19.02,31.16,0.32,0.08,0.969,2.0,0.0,0.0,-2.297,28.578,11.352,4.03,40.31,-0.465,1.517,0.99,5.03,-0.14,59.11,10.73,16.12,phi=20
4,0.01,inventory,50.0,DeployWide,12.78,13.92,11.96,0.16,0.04,0.838,30.0,0.0,0.0,2.109,36.827,56.631,0.0,0.0,0.0,0.0,0.0,1.0,-0.22,16.69,3.68,0.0,phi=50
4,0.01,inventory,50.0,ArrivalRebalance,21.43,19.44,20.02,0.49,0.5,0.882,2.0,0.0,0.0,0.22,25.849,10.697,4.51,0.45,0.0,0.0,0.0,5.51,-0.41,48.76,8.88,18.04,phi=50
4,0.01,inventory,50.0,DeployNarrow,15.85,16.96,13.6,0.59,0.63,0.853,2.0,0.0,0.0,2.109,36.827,56.631,0.0,0.0,0.0,0.0,0.0,1.0,-0.2,20.1,4.04,0.0,phi=50
4,0.01,inventory,50.0,CDM,9.06,15.54,10.13,-0.37,0.28,0.747,29.914,1.53,0.046,0.101,13.449,4.307,7.58,0.76,-1.991,4.91,0.644,8.58,-0.22,50.16,10.57,30.31,phi=50
4,0.01,inventory,50.0,PPO,13.9,13.89,11.34,0.88,0.66,0.819,12.741,2.72,4.468,-35.605,33.706,36.492,1.51,15.06,-7.599,1.542,1.776,2.51,-0.04,25.32,5.35,6.02,phi=50
4,0.01,inventory,50.0,PPO_narrow,22.15,18.09,18.8,0.89,0.94,0.948,1.998,0.003,0.027,-31.657,34.187,35.179,1.98,19.84,-1.016,1.454,1.394,2.98,-0.15,36.93,6.69,7.94,phi=50
4,0.01,inventory,80.0,DeployWide,12.78,13.92,11.96,0.16,0.04,0.838,30.0,0.0,0.0,2.109,36.827,56.631,0.0,0.0,0.0,0.0,0.0,1.0,-0.22,16.69,3.68,0.0,phi=80
4,0.01,inventory,80.0,ArrivalRebalance,21.43,19.44,20.02,0.49,0.5,0.882,2.0,0.0,0.0,0.22,25.849,10.697,4.51,0.45,0.0,0.0,0.0,5.51,-0.41,48.76,8.88,18.04,phi=80
4,0.01,inventory,80.0,DeployNarrow,15.85,16.96,13.6,0.59,0.63,0.853,2.0,0.0,0.0,2.109,36.827,56.631,0.0,0.0,0.0,0.0,0.0,1.0,-0.2,20.1,4.04,0.0,phi=80
4,0.01,inventory,80.0,CDM,9.06,15.54,10.13,-0.37,0.28,0.747,29.914,1.53,0.046,0.101,13.449,4.307,7.58,0.76,-1.991,4.91,0.644,8.58,-0.22,50.16,10.57,30.31,phi=80
4,0.01,inventory,80.0,PPO,5.75,5.87,4.83,0.55,0.35,0.868,20.534,0.857,4.354,-14.795,14.45,29.896,0.35,3.55,-3.699,0.641,2.726,1.32,-0.07,9.06,1.82,1.42,phi=80
4,0.01,inventory,80.0,PPO_narrow,8.36,8.76,6.45,1.14,1.87,0.834,2.0,0.0,0.0,-9.314,12.043,29.135,0.42,4.21,0.468,0.468,1.123,1.33,-0.03,12.29,2.21,1.68,phi=80
4,0.015,inventory,20.0,DeployWide,7.94,14.66,8.43,-0.31,0.5,0.765,30.0,0.0,0.0,3.262,54.021,83.384,0.0,0.0,0.0,0.0,0.0,1.0,-0.33,13.96,5.69,0.0,phi=20
4,0.015,inventory,20.0,ArrivalRebalance,9.33,19.67,9.06,0.14,0.59,0.684,2.0,0.0,0.0,0.936,33.21,13.222,5.04,0.5,0.0,0.0,0.0,6.04,-0.29,44.46,14.69,20.16,phi=20
4,0.015,inventory,20.0,DeployNarrow,10.72,16.94,10.58,0.15,0.77,0.791,2.0,0.0,0.0,3.262,54.021,83.384,0.0,0.0,0.0,0.0,0.0,1.0,-0.31,17.09,6.06,0.0,phi=20
4,0.015,inventory,20.0,CDM,-16.89,21.88,-14.92,-0.48,0.34,0.226,29.894,1.671,0.076,0.163,14.332,4.112,12.23,1.22,-1.57,4.386,0.706,13.23,-0.34,54.09,21.72,48.91,phi=20
4,0.015,inventory,20.0,PPO,8.62,13.46,7.18,0.28,0.76,0.728,15.064,2.26,4.299,-44.235,50.587,55.376,1.19,11.9,-6.542,1.65,1.829,2.19,-0.11,21.77,8.27,4.76,phi=20
4,0.015,inventory,20.0,PPO_narrow,13.8,15.83,11.67,0.5,1.09,0.854,2.0,0.0,0.0,-39.459,51.326,54.82,1.4,13.98,-0.389,0.699,0.812,2.4,-0.11,28.8,9.3,5.59,phi=20
4,0.015,inventory,50.0,DeployWide,7.94,14.66,8.43,-0.31,0.5,0.765,30.0,0.0,0.0,3.262,54.021,83.384,0.0,0.0,0.0,0.0,0.0,1.0,-0.33,13.96,5.69,0.0,phi=50
4,0.015,inventory,50.0,ArrivalRebalance,9.33,19.67,9.06,0.14,0.59,0.684,2.0,0.0,0.0,0.936,33.21,13.222,5.04,0.5,0.0,0.0,0.0,6.04,-0.29,44.46,14.69,20.16,phi=50
4,0.015,inventory,50.0,DeployNarrow,10.72,16.94,10.58,0.15,0.77,0.791,2.0,0.0,0.0,3.262,54.021,83.384,0.0,0.0,0.0,0.0,0.0,1.0,-0.31,17.09,6.06,0.0,phi=50
4,0.015,inventory,50.0,CDM,-16.89,21.88,-14.92,-0.48,0.34,0.226,29.894,1.671,0.076,0.163,14.332,4.112,12.23,1.22,-1.57,4.386,0.706,13.23,-0.34,54.09,21.72,48.91,phi=50
4,0.015,inventory,50.0,PPO,3.63,5.62,2.5,0.46,1.63,0.684,14.533,0.401,4.505,-10.765,10.41,40.024,0.13,1.34,-0.498,0.412,4.135,0.99,-0.0,6.07,1.91,0.54,phi=50
4,0.015,inventory,50.0,PPO_narrow,5.14,7.26,2.88,1.14,3.23,0.728,2.0,0.0,0.0,-9.322,9.257,40.468,0.12,1.21,0.73,0.06,0.801,0.96,-0.04,7.87,2.21,0.48,phi=50
4,0.015,inventory,80.0,DeployWide,7.94,14.66,8.43,-0.31,0.5,0.765,30.0,0.0,0.0,3.262,54.021,83.384,0.0,0.0,0.0,0.0,0.0,1.0,-0.33,13.96,5.69,0.0,phi=80
4,0.015,inventory,80.0,ArrivalRebalance,9.33,19.67,9.06,0.14,0.59,0.684,2.0,0.0,0.0,0.936,33.21,13.222,5.04,0.5,0.0,0.0,0.0,6.04,-0.29,44.46,14.69,20.16,phi=80
4,0.015,inventory,80.0,DeployNarrow,10.72,16.94,10.58,0.15,0.77,0.791,2.0,0.0,0.0,3.262,54.021,83.384,0.0,0.0,0.0,0.0,0.0,1.0,-0.31,17.09,6.06,0.0,phi=80
4,0.015,inventory,80.0,CDM,-16.89,21.88,-14.92,-0.48,0.34,0.226,29.894,1.671,0.076,0.163,14.332,4.112,12.23,1.22,-1.57,4.386,0.706,13.23,-0.34,54.09,21.72,48.91,phi=80
4,0.015,inventory,80.0,PPO,1.84,3.7,0.18,0.48,1.5,0.523,17.772,0.018,3.687,-10.519,1.231,40.653,0.01,0.08,-3.362,0.022,4.551,0.69,-0.01,3.0,1.12,0.03,phi=80
4,0.015,inventory,80.0,PPO_narrow,3.18,5.73,0.66,1.48,2.95,0.522,2.0,0.0,0.0,-9.634,3.949,39.632,0.04,0.45,0.918,0.082,0.752,0.65,-0.04,4.85,1.45,0.18,phi=80
4,0.02,inventory,20.0,DeployWide,4.09,16.27,6.27,-0.74,0.98,0.689,30.0,0.0,0.0,4.404,69.875,108.286,0.0,0.0,0.0,0.0,0.0,1.0,-0.44,12.22,7.69,0.0,phi=20
4,0.02,inventory,20.0,ArrivalRebalance,-3.75,20.55,-3.65,-0.27,0.74,0.426,2.0,0.0,0.0,0.678,39.307,16.048,5.81,0.58,0.0,0.0,0.0,6.81,-0.31,40.49,20.71,23.22,phi=20
4,0.02,inventory,20.0,DeployNarrow,6.48,17.95,7.58,-0.3,0.96,0.73,2.0,0.0,0.0,4.404,69.875,108.286,0.0,0.0,0.0,0.0,0.0,1.0,-0.41,14.95,8.07,0.0,phi=20
4,0.02,inventory,20.0,CDM,-89.78,77.85,-65.13,-1.88,5.0,0.018,29.559,3.19,0.44,0.113,14.776,4.386,26.76,2.68,-2.823,5.267,1.804,27.76,-0.46,51.83,34.11,107.05,phi=20
4,0.02,inventory,20.0,PPO,2.92,8.15,2.22,-0.28,1.69,0.644,12.488,0.256,4.881,-8.483,23.914,58.849,0.06,0.62,-2.172,0.206,4.853,0.97,-0.11,6.52,3.24,0.25,phi=20
4,0.02,inventory,20.0,PPO_narrow,4.35,8.56,2.75,0.34,1.51,0.705,2.0,0.0,0.0,-5.421,18.462,56.743,0.01,0.13,0.676,0.02,2.754,0.91,-0.18,7.69,3.1,0.05,phi=20
6,0.005,pnl,0.0,DeployWide,18.85,12.93,17.96,0.16,-0.74,0.938,30.0,0.0,0.0,0.995,18.672,28.608,0.0,0.0,0.0,0.0,0.0,1.0,-0.11,20.64,1.68,0.0,pnl
6,0.005,pnl,0.0,ArrivalRebalance,30.21,20.48,28.02,0.5,0.21,0.952,2.0,0.0,0.0,0.489,15.056,7.782,3.0,0.3,0.0,0.0,0.0,4.0,-0.17,52.18,3.8,18.0,pnl
6,0.005,pnl,0.0,DeployNarrow,23.35,19.68,19.64,0.98,1.19,0.932,2.0,0.0,0.0,0.995,18.672,28.608,0.0,0.0,0.0,0.0,0.0,1.0,-0.1,25.46,2.01,0.0,pnl
6,0.005,pnl,0.0,CDM,15.87,11.71,16.39,-0.2,-0.23,0.909,29.903,1.624,0.053,0.15,11.561,5.87,3.02,0.3,-3.949,6.306,1.264,4.02,-0.11,36.99,2.9,18.11,pnl
6,0.005,pnl,0.0,PPO,34.48,21.07,32.01,0.47,0.19,0.969,3.527,1.408,1.505,0.202,15.791,8.361,1.98,19.78,0.069,0.624,0.589,2.98,-0.1,50.33,3.88,11.87,pnl
6,0.005,pnl,0.0,PPO_narrow,42.09,21.84,40.87,0.27,0.01,0.981,2.0,0.0,0.0,0.748,14.572,6.041,3.6,36.05,0.142,0.772,0.433,4.61,-0.13,68.91,5.06,21.63,pnl
6,0.01,pnl,0.0,DeployWide,12.78,13.92,11.96,0.16,0.04,0.838,30.0,0.0,0.0,2.109,36.827,56.631,0.0,0.0,0.0,0.0,0.0,1.0,-0.22,16.69,3.68,0.0,pnl
6,0.01,pnl,0.0,ArrivalRebalance,12.25,19.58,11.03,0.48,0.52,0.724,2.0,0.0,0.0,0.22,25.849,10.697,4.51,0.45,0.0,0.0,0.0,5.51,-0.41,48.57,8.84,27.06,pnl
6,0.01,pnl,0.0,DeployNarrow,15.85,16.96,13.6,0.59,0.63,0.853,2.0,0.0,0.0,2.109,36.827,56.631,0.0,0.0,0.0,0.0,0.0,1.0,-0.2,20.1,4.04,0.0,pnl
6,0.01,pnl,0.0,CDM,-6.43,19.56,-5.41,-0.36,0.26,0.389,29.914,1.53,0.046,0.101,13.449,4.307,7.58,0.76,-1.99,4.91,0.643,8.57,-0.22,49.72,10.48,45.45,pnl
6,0.01,pnl,0.0,PPO,17.74,17.77,16.84,0.44,0.7,0.849,6.518,3.35,4.173,-3.437,34.174,23.596,1.05,10.53,-0.08,2.089,2.439,2.05,-0.11,30.35,6.18,6.32,pnl
6,0.01,pnl,0.0,PPO_narrow,21.58,18.8,21.41,0.07,-0.06,0.871,2.0,0.0,0.0,3.658,32.065,19.364,1.65,16.46,-0.098,0.641,0.644,2.65,-0.19,39.1,7.46,9.88,pnl
6,0.015,pnl,0.0,DeployWide,7.94,14.66,8.43,-0.31,0.5,0.765,30.0,0.0,0.0,3.262,54.021,83.384,0.0,0.0,0.0,0.0,0.0,1.0,-0.33,13.96,5.69,0.0,pnl
6,0.015,pnl,0.0,ArrivalRebalance,-0.89,19.65,-1.07,0.13,0.6,0.475,2.0,0.0,0.0,0.936,33.21,13.222,5.04,0.5,0.0,0.0,0.0,6.04,-0.28,44.25,14.61,30.24,pnl
6,0.015,pnl,0.0,DeployNarrow,10.72,16.94,10.58,0.15,0.77,0.791,2.0,0.0,0.0,3.262,54.021,83.384,0.0,0.0,0.0,0.0,0.0,1.0,-0.31,17.09,6.06,0.0,pnl
6,0.015,pnl,0.0,CDM,-41.79,27.45,-39.3,-0.44,0.24,0.048,29.894,1.671,0.076,0.163,14.332,4.112,12.23,1.22,-1.57,4.386,0.706,13.23,-0.34,53.32,21.41,73.37,pnl
6,0.015,pnl,0.0,PPO,8.35,15.53,9.13,-0.21,0.36,0.747,21.818,0.116,0.889,12.199,54.412,82.185,0.07,0.73,1.081,0.173,0.7,1.07,0.0,15.21,6.42,0.44,pnl
6,0.015,pnl,0.0,PPO_narrow,11.13,16.78,10.6,0.16,0.76,0.795,2.0,0.0,0.0,1.357,54.363,81.853,0.08,0.83,-0.013,0.013,0.081,1.08,-0.1,18.26,6.52,0.5,pnl
6,0.02,pnl,0.0,DeployWide,4.09,16.27,6.27,-0.74,0.98,0.689,30.0,0.0,0.0,4.404,69.875,108.286,0.0,0.0,0.0,0.0,0.0,1.0,-0.44,12.22,7.69,0.0,pnl
6,0.02,pnl,0.0,ArrivalRebalance,-15.46,20.66,-15.26,-0.25,0.74,0.219,2.0,0.0,0.0,0.678,39.307,16.048,5.81,0.58,0.0,0.0,0.0,6.81,-0.3,40.28,20.6,34.84,pnl
6,0.02,pnl,0.0,DeployNarrow,6.48,17.95,7.58,-0.3,0.96,0.73,2.0,0.0,0.0,4.404,69.875,108.286,0.0,0.0,0.0,0.0,0.0,1.0,-0.41,14.95,8.07,0.0,pnl
6,0.02,pnl,0.0,CDM,-136.07,98.0,-104.69,-1.63,3.15,0.004,29.579,3.139,0.405,0.123,14.803,4.364,25.45,2.54,-2.759,5.24,1.739,26.45,-0.44,50.04,32.97,152.69,pnl
6,0.02,pnl,0.0,PPO,4.32,16.23,6.17,-0.65,1.03,0.704,23.0,0.0,0.0,1.383,69.805,116.805,0.0,0.0,-3.5,0.0,0.0,1.0,-0.23,12.51,7.96,0.0,pnl
6,0.02,pnl,0.0,PPO_narrow,6.48,17.95,7.58,-0.3,0.96,0.73,2.0,0.0,0.0,4.883,69.805,116.805,0.0,0.0,0.0,0.0,0.0,1.0,-0.25,14.95,8.22,0.0,pnl
6,0.025,pnl,0.0,DeployWide,0.81,18.36,4.94,-1.03,1.35,0.656,30.0,0.0,0.0,5.466,84.24,130.884,0.0,0.0,0.0,0.0,0.0,1.0,-0.55,11.03,9.67,0.0,pnl
6,0.025,pnl,0.0,ArrivalRebalance,-25.43,23.06,-24.65,-0.43,0.92,0.119,2.0,0.0,0.0,0.793,43.337,18.484,6.0,0.6,0.0,0.0,0.0,7.0,-0.66,37.46,26.25,35.98,pnl
6,0.025,pnl,0.0,DeployNarrow,2.89,19.43,4.84,-0.73,1.23,0.674,2.0,0.0,0.0,5.466,84.24,130.884,0.0,0.0,0.0,0.0,0.0,1.0,-0.51,13.44,10.05,0.0,pnl
6,0.025,pnl,0.0,CDM,-11.95,25.64,-3.92,-1.81,5.02,0.3,1.027,0.549,0.044,-22.59,83.829,125.397,1.86,0.19,-12.124,3.023,2.764,2.86,-0.01,10.72,11.49,11.17,pnl
6,0.025,pnl,0.0,PPO,1.7,18.89,5.03,-0.91,1.31,0.662,10.0,0.0,0.0,7.109,84.328,141.414,0.0,0.0,1.0,0.0,0.0,1.0,-0.24,12.15,10.21,0.0,pnl
6,0.025,pnl,0.0,PPO_narrow,2.51,19.47,4.98,-0.78,1.3,0.674,2.0,0.0,0.0,7.109,84.328,141.414,0.0,0.0,1.0,0.0,0.0,1.0,-0.24,13.04,10.28,0.0,pnl
6,0.03,pnl,0.0,DeployWide,-2.12,20.71,3.51,-1.21,1.6,0.622,30.0,0.0,0.0,6.296,96.948,150.88,0.0,0.0,0.0,0.0,0.0,1.0,-0.66,10.12,11.58,0.0,pnl
6,0.03,pnl,0.0,ArrivalRebalance,-34.61,25.82,-31.0,-0.82,1.67,0.064,2.0,0.0,0.0,1.055,46.168,21.107,6.0,0.6,0.0,0.0,0.0,7.0,-1.04,34.6,32.17,36.0,pnl
6,0.03,pnl,0.0,DeployNarrow,0.1,21.61,4.59,-0.99,1.41,0.639,2.0,0.0,0.0,6.296,96.948,150.88,0.0,0.0,0.0,0.0,0.0,1.0,-0.61,12.69,11.99,0.0,pnl
6,0.03,pnl,0.0,CDM,-3.53,20.22,0.0,-1.05,1.7,0.46,1.001,0.022,0.004,-8.544,96.949,150.837,0.05,0.0,-14.384,0.164,0.74,1.05,-0.0,8.65,11.89,0.29,pnl
6,0.03,pnl,0.0,PPO,-1.89,20.57,2.95,-1.14,1.61,0.625,20.0,0.0,0.0,2.076,97.203,163.306,0.0,0.0,-5.0,0.0,0.0,1.0,-0.32,10.41,11.97,0.0,pnl
6,0.03,pnl,0.0,PPO_narrow,0.1,21.61,4.59,-0.99,1.41,0.639,2.0,0.0,0.0,7.076,97.203,163.306,0.0,0.0,0.0,0.0,0.0,1.0,-0.29,12.69,12.31,0.0,pnl
6,0.005,inventory,20.0,DeployWide,18.85,12.93,17.96,0.16,-0.74,0.938,30.0,0.0,0.0,0.995,18.672,28.608,0.0,0.0,0.0,0.0,0.0,1.0,-0.11,20.64,1.68,0.0,phi=20
6,0.005,inventory,20.0,ArrivalRebalance,30.21,20.48,28.02,0.5,0.21,0.952,2.0,0.0,0.0,0.489,15.056,7.782,3.0,0.3,0.0,0.0,0.0,4.0,-0.17,52.18,3.8,18.0,phi=20
6,0.005,inventory,20.0,DeployNarrow,23.35,19.68,19.64,0.98,1.19,0.932,2.0,0.0,0.0,0.995,18.672,28.608,0.0,0.0,0.0,0.0,0.0,1.0,-0.1,25.46,2.01,0.0,phi=20
6,0.005,inventory,20.0,CDM,15.87,11.71,16.39,-0.2,-0.23,0.909,29.903,1.624,0.053,0.15,11.561,5.87,3.02,0.3,-3.949,6.306,1.264,4.02,-0.11,36.99,2.9,18.11,phi=20
6,0.005,inventory,20.0,PPO,31.88,19.19,29.78,0.62,0.48,0.981,6.711,4.127,4.445,-3.272,16.075,8.86,1.89,18.87,-0.662,0.97,0.988,2.89,-0.09,46.87,3.59,11.32,phi=20
6,0.005,inventory,20.0,PPO_narrow,40.73,21.45,40.38,0.25,-0.06,0.984,2.0,0.0,0.0,-1.633,14.893,6.518,3.25,32.47,0.079,0.704,0.426,4.25,-0.13,65.16,4.81,19.48,phi=20
6,0.005,inventory,50.0,DeployWide,18.85,12.93,17.96,0.16,-0.74,0.938,30.0,0.0,0.0,0.995,18.672,28.608,0.0,0.0,0.0,0.0,0.0,1.0,-0.11,20.64,1.68,0.0,phi=50
6,0.005,inventory,50.0,ArrivalRebalance,30.21,20.48,28.02,0.5,0.21,0.952,2.0,0.0,0.0,0.489,15.056,7.782,3.0,0.3,0.0,0.0,0.0,4.0,-0.17,52.18,3.8,18.0,phi=50
6,0.005,inventory,50.0,DeployNarrow,23.35,19.68,19.64,0.98,1.19,0.932,2.0,0.0,0.0,0.995,18.672,28.608,0.0,0.0,0.0,0.0,0.0,1.0,-0.1,25.46,2.01,0.0,phi=50
6,0.005,inventory,50.0,CDM,15.87,11.71,16.39,-0.2,-0.23,0.909,29.903,1.624,0.053,0.15,11.561,5.87,3.02,0.3,-3.949,6.306,1.264,4.02,-0.11,36.99,2.9,18.11,phi=50
6,0.005,inventory,50.0,PPO,21.4,15.01,19.51,0.59,-0.11,0.973,16.346,1.737,2.566,-16.975,17.491,18.396,1.19,11.92,-3.241,0.504,0.656,2.19,-0.03,30.99,2.42,7.15,phi=50
6,0.005,inventory,50.0,PPO_narrow,30.1,22.29,26.28,0.87,0.72,0.981,2.0,0.0,0.0,-15.538,17.548,17.796,1.67,16.65,-0.263,0.483,0.451,2.67,0.01,43.33,3.26,9.99,phi=50
6,0.02,inventory,50.0,DeployWide,4.09,16.27,6.27,-0.74,0.98,0.689,30.0,0.0,0.0,4.404,69.875,108.286,0.0,0.0,0.0,0.0,0.0,1.0,-0.44,12.22,7.69,0.0,phi=50
6,0.02,inventory,50.0,ArrivalRebalance,-15.46,20.66,-15.26,-0.25,0.74,0.219,2.0,0.0,0.0,0.678,39.307,16.048,5.81,0.58,0.0,0.0,0.0,6.81,-0.3,40.28,20.6,34.84,phi=50
6,0.02,inventory,50.0,DeployNarrow,6.48,17.95,7.58,-0.3,0.96,0.73,2.0,0.0,0.0,4.404,69.875,108.286,0.0,0.0,0.0,0.0,0.0,1.0,-0.41,14.95,8.07,0.0,phi=50
6,0.02,inventory,50.0,CDM,-136.07,98.0,-104.69,-1.63,3.15,0.004,29.579,3.139,0.405,0.123,14.803,4.364,25.45,2.54,-2.759,5.24,1.739,26.45,-0.44,50.04,32.97,152.69,phi=50
6,0.02,inventory,50.0,PPO,1.39,3.96,0.0,0.11,2.97,0.484,15.249,0.0,4.108,-12.305,1.981,47.33,0.0,0.0,-3.207,0.0,3.046,0.63,0.02,2.74,1.37,0.0,phi=50
6,0.02,inventory,50.0,PPO_narrow,2.19,5.78,0.08,0.93,3.72,0.508,2.0,0.0,0.0,-8.746,3.016,46.9,0.03,0.33,1.649,0.041,1.182,0.69,-0.02,4.38,1.97,0.2,phi=50
6,0.02,inventory,80.0,DeployWide,4.09,16.27,6.27,-0.74,0.98,0.689,30.0,0.0,0.0,4.404,69.875,108.286,0.0,0.0,0.0,0.0,0.0,1.0,-0.44,12.22,7.69,0.0,phi=80
6,0.02,inventory,80.0,ArrivalRebalance,-15.46,20.66,-15.26,-0.25,0.74,0.219,2.0,0.0,0.0,0.678,39.307,16.048,5.81,0.58,0.0,0.0,0.0,6.81,-0.3,40.28,20.6,34.84,phi=80
6,0.02,inventory,80.0,DeployNarrow,6.48,17.95,7.58,-0.3,0.96,0.73,2.0,0.0,0.0,4.404,69.875,108.286,0.0,0.0,0.0,0.0,0.0,1.0,-0.41,14.95,8.07,0.0,phi=80
6,0.02,inventory,80.0,CDM,-136.07,98.0,-104.69,-1.63,3.15,0.004,29.579,3.139,0.405,0.123,14.803,4.364,25.45,2.54,-2.759,5.24,1.739,26.45,-0.44,50.04,32.97,152.69,phi=80
6,0.02,inventory,80.0,PPO,0.02,0.36,0.0,18.48,408.37,0.006,17.625,0.0,0.992,-26.438,0.0,41.112,0.0,0.0,-0.062,0.0,2.811,0.01,0.0,0.04,0.02,0.0,phi=80
6,0.02,inventory,80.0,PPO_narrow,0.0,0.0,0.0,,,0.0,,,,,,,0.0,0.0,,,,0.0,0.0,0.0,0.0,0.0,phi=80
6,0.025,inventory,20.0,DeployWide,0.81,18.36,4.94,-1.03,1.35,0.656,30.0,0.0,0.0,5.466,84.24,130.884,0.0,0.0,0.0,0.0,0.0,1.0,-0.55,11.03,9.67,0.0,phi=20
6,0.025,inventory,20.0,ArrivalRebalance,-25.43,23.06,-24.65,-0.43,0.92,0.119,2.0,0.0,0.0,0.793,43.337,18.484,6.0,0.6,0.0,0.0,0.0,7.0,-0.66,37.46,26.25,35.98,phi=20
6,0.025,inventory,20.0,DeployNarrow,2.89,19.43,4.84,-0.73,1.23,0.674,2.0,0.0,0.0,5.466,84.24,130.884,0.0,0.0,0.0,0.0,0.0,1.0,-0.51,13.44,10.05,0.0,phi=20
6,0.025,inventory,20.0,CDM,-11.95,25.64,-3.92,-1.81,5.02,0.3,1.027,0.549,0.044,-22.59,83.829,125.397,1.86,0.19,-12.124,3.023,2.764,2.86,-0.01,10.72,11.49,11.17,phi=20
6,0.025,inventory,20.0,PPO,1.66,7.48,0.51,-0.77,2.95,0.542,14.633,0.0,4.166,-6.618,19.581,65.375,0.0,0.0,-3.793,0.0,3.934,0.79,-0.16,4.87,3.04,0.0,phi=20
6,0.025,inventory,20.0,PPO_narrow,2.88,8.23,0.9,0.07,2.52,0.567,1.999,0.0,0.036,-3.17,17.286,62.496,0.01,0.05,0.203,0.025,1.187,0.78,-0.05,6.12,3.16,0.03,phi=20
6,0.025,inventory,50.0,DeployWide,0.81,18.36,4.94,-1.03,1.35,0.656,30.0,0.0,0.0,5.466,84.24,130.884,0.0,0.0,0.0,0.0,0.0,1.0,-0.55,11.03,9.67,0.0,phi=50
6,0.025,inventory,50.0,ArrivalRebalance,-25.43,23.06,-24.65,-0.43,0.92,0.119,2.0,0.0,0.0,0.793,43.337,18.484,6.0,0.6,0.0,0.0,0.0,7.0,-0.66,37.46,26.25,35.98,phi=50
6,0.025,inventory,50.0,DeployNarrow,2.89,19.43,4.84,-0.73,1.23,0.674,2.0,0.0,0.0,5.466,84.24,130.884,0.0,0.0,0.0,0.0,0.0,1.0,-0.51,13.44,10.05,0.0,phi=50
6,0.025,inventory,50.0,CDM,-11.95,25.64,-3.92,-1.81,5.02,0.3,1.027,0.549,0.044,-22.59,83.829,125.397,1.86,0.19,-12.124,3.023,2.764,2.86,-0.01,10.72,11.49,11.17,phi=50
6,0.025,inventory,50.0,PPO,0.55,3.06,0.0,0.01,10.84,0.212,15.884,0.0,6.466,-10.743,0.086,48.395,0.0,0.0,-0.257,0.0,1.918,0.27,0.0,1.32,0.76,0.0,phi=50
6,0.025,inventory,50.0,PPO_narrow,0.0,0.0,0.0,,,0.0,,,,,,,0.0,0.0,,,,0.0,0.0,0.0,0.0,0.0,phi=50
6,0.025,inventory,80.0,DeployWide,0.81,18.36,4.94,-1.03,1.35,0.656,30.0,0.0,0.0,5.466,84.24,130.884,0.0,0.0,0.0,0.0,0.0,1.0,-0.55,11.03,9.67,0.0,phi=80
6,0.025,inventory,80.0,ArrivalRebalance,-25.43,23.06,-24.65,-0.43,0.92,0.119,2.0,0.0,0.0,0.793,43.337,18.484,6.0,0.6,0.0,0.0,0.0,7.0,-0.66,37.46,26.25,35.98,phi=80
6,0.025,inventory,80.0,DeployNarrow,2.89,19.43,4.84,-0.73,1.23,0.674,2.0,0.0,0.0,5.466,84.24,130.884,0.0,0.0,0.0,0.0,0.0,1.0,-0.51,13.44,10.05,0.0,phi=80
6,0.025,inventory,80.0,CDM,-11.95,25.64,-3.92,-1.81,5.02,0.3,1.027,0.549,0.044,-22.59,83.829,125.397,1.86,0.19,-12.124,3.023,2.764,2.86,-0.01,10.72,11.49,11.17,phi=80
6,0.025,inventory,80.0,PPO,0.0,0.0,0.0,,,0.0,,,,,,,0.0,0.0,,,,0.0,0.0,0.0,0.0,0.0,phi=80
6,0.025,inventory,80.0,PPO_narrow,-0.06,3.36,0.0,-3.82,55.82,0.065,2.0,0.0,0.0,-77.096,34.084,85.799,0.01,0.12,-6.835,0.165,5.813,0.22,-0.02,0.57,0.54,0.07,phi=80
6,0.03,inventory,20.0,DeployWide,-2.12,20.71,3.51,-1.21,1.6,0.622,30.0,0.0,0.0,6.296,96.948,150.88,0.0,0.0,0.0,0.0,0.0,1.0,-0.66,10.12,11.58,0.0,phi=20
6,0.03,inventory,20.0,ArrivalRebalance,-34.61,25.82,-31.0,-0.82,1.67,0.064,2.0,0.0,0.0,1.055,46.168,21.107,6.0,0.6,0.0,0.0,0.0,7.0,-1.04,34.6,32.17,36.0,phi=20
6,0.03,inventory,20.0,DeployNarrow,0.1,21.61,4.59,-0.99,1.41,0.639,2.0,0.0,0.0,6.296,96.948,150.88,0.0,0.0,0.0,0.0,0.0,1.0,-0.61,12.69,11.99,0.0,phi=20
6,0.03,inventory,20.0,CDM,-3.53,20.22,0.0,-1.05,1.7,0.46,1.001,0.022,0.004,-8.544,96.949,150.837,0.05,0.0,-14.384,0.164,0.74,1.05,-0.0,8.65,11.89,0.29,phi=20
6,0.03,inventory,20.0,PPO,0.36,4.46,0.0,-1.35,8.18,0.239,11.308,0.0,1.945,-1.241,0.726,53.712,0.0,0.0,4.272,0.0,6.342,0.37,0.02,1.55,1.2,0.0,phi=20
6,0.03,inventory,20.0,PPO_narrow,1.2,7.29,0.0,-0.63,4.85,0.408,2.0,0.0,0.0,-3.659,12.586,64.622,0.0,0.0,1.016,0.0,0.215,0.58,-0.15,4.11,2.76,0.0,phi=20
6,0.03,inventory,50.0,DeployWide,-2.12,20.71,3.51,-1.21,1.6,0.622,30.0,0.0,0.0,6.296,96.948,150.88,0.0,0.0,0.0,0.0,0.0,1.0,-0.66,10.12,11.58,0.0,phi=50
6,0.03,inventory,50.0,ArrivalRebalance,-34.61,25.82,-31.0,-0.82,1.67,0.064,2.0,0.0,0.0,1.055,46.168,21.107,6.0,0.6,0.0,0.0,0.0,7.0,-1.04,34.6,32.17,36.0,phi=50
6,0.03,inventory,50.0,DeployNarrow,0.1,21.61,4.59,-0.99,1.41,0.639,2.0,0.0,0.0,6.296,96.948,150.88,0.0,0.0,0.0,0.0,0.0,1.0,-0.61,12.69,11.99,0.0,phi=50
6,0.03,inventory,50.0,CDM,-3.53,20.22,0.0,-1.05,1.7,0.46,1.001,0.022,0.004,-8.544,96.949,150.837,0.05,0.0,-14.384,0.164,0.74,1.05,-0.0,8.65,11.89,0.29,phi=50
6,0.03,inventory,50.0,PPO,0.0,0.0,0.0,,,0.0,,,,,,,0.0,0.0,,,,0.0,0.0,0.0,0.0,0.0,phi=50
6,0.03,inventory,50.0,PPO_narrow,0.0,0.0,0.0,,,0.0,,,,,,,0.0,0.0,,,,0.0,0.0,0.0,0.0,0.0,phi=50
6,0.03,inventory,80.0,DeployWide,-2.12,20.71,3.51,-1.21,1.6,0.622,30.0,0.0,0.0,6.296,96.948,150.88,0.0,0.0,0.0,0.0,0.0,1.0,-0.66,10.12,11.58,0.0,phi=80
6,0.03,inventory,80.0,ArrivalRebalance,-34.61,25.82,-31.0,-0.82,1.67,0.064,2.0,0.0,0.0,1.055,46.168,21.107,6.0,0.6,0.0,0.0,0.0,7.0,-1.04,34.6,32.17,36.0,phi=80
6,0.03,inventory,80.0,DeployNarrow,0.1,21.61,4.59,-0.99,1.41,0.639,2.0,0.0,0.0,6.296,96.948,150.88,0.0,0.0,0.0,0.0,0.0,1.0,-0.61,12.69,11.99,0.0,phi=80
6,0.03,inventory,80.0,CDM,-3.53,20.22,0.0,-1.05,1.7,0.46,1.001,0.022,0.004,-8.544,96.949,150.837,0.05,0.0,-14.384,0.164,0.74,1.05,-0.0,8.65,11.89,0.29,phi=80
6,0.03,inventory,80.0,PPO,0.0,0.0,0.0,,,0.0,,,,,,,0.0,0.0,,,,0.0,0.0,0.0,0.0,0.0,phi=80
6,0.03,inventory,80.0,PPO_narrow,0.0,0.0,0.0,,,0.0,,,,,,,0.0,0.0,,,,0.0,0.0,0.0,0.0,0.0,phi=80
6,0.005,inventory,80.0,DeployWide,18.85,12.93,17.96,0.16,-0.74,0.938,30.0,0.0,0.0,0.995,18.672,28.608,0.0,0.0,0.0,0.0,0.0,1.0,-0.11,20.64,1.68,0.0,phi=80
6,0.005,inventory,80.0,ArrivalRebalance,30.21,20.48,28.02,0.5,0.21,0.952,2.0,0.0,0.0,0.489,15.056,7.782,3.0,0.3,0.0,0.0,0.0,4.0,-0.17,52.18,3.8,18.0,phi=80
6,0.005,inventory,80.0,DeployNarrow,23.35,19.68,19.64,0.98,1.19,0.932,2.0,0.0,0.0,0.995,18.672,28.608,0.0,0.0,0.0,0.0,0.0,1.0,-0.1,25.46,2.01,0.0,phi=80
6,0.005,inventory,80.0,CDM,15.87,11.71,16.39,-0.2,-0.23,0.909,29.903,1.624,0.053,0.15,11.561,5.87,3.02,0.3,-3.949,6.306,1.264,4.02,-0.11,36.99,2.9,18.11,phi=80
6,0.005,inventory,80.0,PPO,18.71,14.59,15.94,0.71,0.05,0.971,16.119,0.526,0.906,-19.962,17.522,18.661,1.07,10.75,-6.86,0.425,0.56,2.08,-0.04,27.33,2.13,6.45,phi=80
6,0.005,inventory,80.0,PPO_narrow,28.72,22.04,24.11,0.85,0.45,0.942,2.0,0.0,0.0,-16.335,17.448,17.883,1.86,18.61,-0.857,0.425,0.523,2.86,-0.03,43.13,3.21,11.17,phi=80
6,0.01,inventory,20.0,DeployWide,12.78,13.92,11.96,0.16,0.04,0.838,30.0,0.0,0.0,2.109,36.827,56.631,0.0,0.0,0.0,0.0,0.0,1.0,-0.22,16.69,3.68,0.0,phi=20
6,0.01,inventory,20.0,ArrivalRebalance,12.25,19.58,11.03,0.48,0.52,0.724,2.0,0.0,0.0,0.22,25.849,10.697,4.51,0.45,0.0,0.0,0.0,5.51,-0.41,48.57,8.84,27.06,phi=20
6,0.01,inventory,20.0,DeployNarrow,15.85,16.96,13.6,0.59,0.63,0.853,2.0,0.0,0.0,2.109,36.827,56.631,0.0,0.0,0.0,0.0,0.0,1.0,-0.2,20.1,4.04,0.0,phi=20
6,0.01,inventory,20.0,CDM,-6.43,19.56,-5.41,-0.36,0.26,0.389,29.914,1.53,0.046,0.101,13.449,4.307,7.58,0.76,-1.99,4.91,0.643,8.57,-0.22,49.72,10.48,45.45,phi=20
6,0.01,inventory,20.0,PPO,16.8,17.07,14.53,0.7,1.16,0.845,6.745,2.99,5.882,-26.577,34.339,37.594,0.98,9.84,-1.532,0.911,1.062,1.98,-0.2,28.39,5.49,5.9,phi=20
6,0.01,inventory,20.0,PPO_narrow,19.25,17.38,16.66,0.6,0.35,0.912,1.998,0.003,0.025,-26.837,34.862,36.408,1.23,12.34,-0.274,0.292,0.419,2.23,-0.02,32.81,6.13,7.4,phi=20
6,0.01,inventory,50.0,DeployWide,12.78,13.92,11.96,0.16,0.04,0.838,30.0,0.0,0.0,2.109,36.827,56.631,0.0,0.0,0.0,0.0,0.0,1.0,-0.22,16.69,3.68,0.0,phi=50
6,0.01,inventory,50.0,ArrivalRebalance,12.25,19.58,11.03,0.48,0.52,0.724,2.0,0.0,0.0,0.22,25.849,10.697,4.51,0.45,0.0,0.0,0.0,5.51,-0.41,48.57,8.84,27.06,phi=50
6,0.01,inventory,50.0,DeployNarrow,15.85,16.96,13.6,0.59,0.63,0.853,2.0,0.0,0.0,2.109,36.827,56.631,0.0,0.0,0.0,0.0,0.0,1.0,-0.2,20.1,4.04,0.0,phi=50
6,0.01,inventory,50.0,CDM,-6.43,19.56,-5.41,-0.36,0.26,0.389,29.914,1.53,0.046,0.101,13.449,4.307,7.58,0.76,-1.99,4.91,0.643,8.57,-0.22,49.72,10.48,45.45,phi=50
6,0.01,inventory,50.0,PPO,12.8,13.74,11.44,0.51,0.54,0.87,19.544,2.057,2.772,-32.596,34.498,35.505,1.31,13.08,-5.126,1.138,1.422,2.31,-0.06,26.08,5.37,7.85,phi=50
6,0.01,inventory,50.0,PPO_narrow,10.88,11.24,8.83,0.83,1.2,0.875,2.0,0.0,0.0,-11.534,19.532,30.33,0.53,5.3,0.268,0.696,1.563,1.51,-0.13,17.36,3.17,3.18,phi=50
6,0.01,inventory,80.0,DeployWide,12.78,13.92,11.96,0.16,0.04,0.838,30.0,0.0,0.0,2.109,36.827,56.631,0.0,0.0,0.0,0.0,0.0,1.0,-0.22,16.69,3.68,0.0,phi=80
6,0.01,inventory,80.0,ArrivalRebalance,12.25,19.58,11.03,0.48,0.52,0.724,2.0,0.0,0.0,0.22,25.849,10.697,4.51,0.45,0.0,0.0,0.0,5.51,-0.41,48.57,8.84,27.06,phi=80
6,0.01,inventory,80.0,DeployNarrow,15.85,16.96,13.6,0.59,0.63,0.853,2.0,0.0,0.0,2.109,36.827,56.631,0.0,0.0,0.0,0.0,0.0,1.0,-0.2,20.1,4.04,0.0,phi=80
6,0.01,inventory,80.0,CDM,-6.43,19.56,-5.41,-0.36,0.26,0.389,29.914,1.53,0.046,0.101,13.449,4.307,7.58,0.76,-1.99,4.91,0.643,8.57,-0.22,49.72,10.48,45.45,phi=80
6,0.01,inventory,80.0,PPO,4.14,4.07,3.55,0.34,0.01,0.864,19.644,0.04,3.031,-7.595,2.717,29.99,0.02,0.18,-3.521,0.05,2.992,0.96,-0.03,5.33,1.05,0.11,phi=80
6,0.01,inventory,80.0,PPO_narrow,6.62,7.05,5.31,1.03,1.26,0.843,1.998,0.002,0.028,-4.741,3.489,29.07,0.1,1.03,-0.986,0.055,3.566,1.05,-0.04,8.77,1.49,0.62,phi=80
6,0.015,inventory,20.0,DeployWide,7.94,14.66,8.43,-0.31,0.5,0.765,30.0,0.0,0.0,3.262,54.021,83.384,0.0,0.0,0.0,0.0,0.0,1.0,-0.33,13.96,5.69,0.0,phi=20
6,0.015,inventory,20.0,ArrivalRebalance,-0.89,19.65,-1.07,0.13,0.6,0.475,2.0,0.0,0.0,0.936,33.21,13.222,5.04,0.5,0.0,0.0,0.0,6.04,-0.28,44.25,14.61,30.24,phi=20
6,0.015,inventory,20.0,DeployNarrow,10.72,16.94,10.58,0.15,0.77,0.791,2.0,0.0,0.0,3.262,54.021,83.384,0.0,0.0,0.0,0.0,0.0,1.0,-0.31,17.09,6.06,0.0,phi=20
6,0.015,inventory,20.0,CDM,-41.79,27.45,-39.3,-0.44,0.24,0.048,29.894,1.671,0.076,0.163,14.332,4.112,12.23,1.22,-1.57,4.386,0.706,13.23,-0.34,53.32,21.41,73.37,phi=20
6,0.015,inventory,20.0,PPO,7.56,14.69,6.65,-0.09,0.97,0.75,20.569,0.887,2.094,-37.21,51.563,57.69,0.83,8.32,-3.835,0.962,1.28,1.83,-0.17,20.5,7.78,4.99,phi=20
6,0.015,inventory,20.0,PPO_narrow,8.95,12.43,7.85,0.43,1.22,0.807,2.0,0.0,0.0,-18.976,38.959,54.603,0.36,3.6,0.247,0.354,2.17,1.35,-0.08,16.86,5.68,2.16,phi=20
6,0.015,inventory,50.0,DeployWide,7.94,14.66,8.43,-0.31,0.5,0.765,30.0,0.0,0.0,3.262,54.021,83.384,0.0,0.0,0.0,0.0,0.0,1.0,-0.33,13.96,5.69,0.0,phi=50
6,0.015,inventory,50.0,ArrivalRebalance,-0.89,19.65,-1.07,0.13,0.6,0.475,2.0,0.0,0.0,0.936,33.21,13.222,5.04,0.5,0.0,0.0,0.0,6.04,-0.28,44.25,14.61,30.24,phi=50
6,0.015,inventory,50.0,DeployNarrow,10.72,16.94,10.58,0.15,0.77,0.791,2.0,0.0,0.0,3.262,54.021,83.384,0.0,0.0,0.0,0.0,0.0,1.0,-0.31,17.09,6.06,0.0,phi=50
6,0.015,inventory,50.0,CDM,-41.79,27.45,-39.3,-0.44,0.24,0.048,29.894,1.671,0.076,0.163,14.332,4.112,12.23,1.22,-1.57,4.386,0.706,13.23,-0.34,53.32,21.41,73.37,phi=50
6,0.015,inventory,50.0,PPO,3.4,4.96,2.82,0.27,1.62,0.737,20.943,0.0,8.941,-7.621,6.035,41.903,0.0,0.0,-0.011,0.0,1.451,0.87,-0.03,5.01,1.58,0.0,phi=50
6,0.015,inventory,50.0,PPO_narrow,4.84,6.92,2.88,1.21,3.67,0.724,2.0,0.0,0.0,-5.843,5.473,41.453,0.0,0.0,0.306,0.0,1.539,0.85,-0.03,6.83,1.96,0.0,phi=50
6,0.015,inventory,80.0,DeployWide,7.94,14.66,8.43,-0.31,0.5,0.765,30.0,0.0,0.0,3.262,54.021,83.384,0.0,0.0,0.0,0.0,0.0,1.0,-0.33,13.96,5.69,0.0,phi=80
6,0.015,inventory,80.0,ArrivalRebalance,-0.89,19.65,-1.07,0.13,0.6,0.475,2.0,0.0,0.0,0.936,33.21,13.222,5.04,0.5,0.0,0.0,0.0,6.04,-0.28,44.25,14.61,30.24,phi=80
6,0.015,inventory,80.0,DeployNarrow,10.72,16.94,10.58,0.15,0.77,0.791,2.0,0.0,0.0,3.262,54.021,83.384,0.0,0.0,0.0,0.0,0.0,1.0,-0.31,17.09,6.06,0.0,phi=80
6,0.015,inventory,80.0,CDM,-41.79,27.45,-39.3,-0.44,0.24,0.048,29.894,1.671,0.076,0.163,14.332,4.112,12.23,1.22,-1.57,4.386,0.706,13.23,-0.34,53.32,21.41,73.37,phi=80
6,0.015,inventory,80.0,PPO,1.8,3.43,0.54,0.17,1.12,0.555,21.971,0.023,5.213,-10.79,0.511,40.785,0.0,0.02,-3.4,0.004,2.968,0.69,-0.0,2.93,1.11,0.01,phi=80
6,0.015,inventory,80.0,PPO_narrow,2.92,5.43,0.64,1.38,3.26,0.527,2.0,0.0,0.0,-8.314,1.793,39.67,0.02,0.22,0.961,0.039,0.393,0.64,-0.02,4.53,1.46,0.13,phi=80
6,0.02,inventory,20.0,DeployWide,4.09,16.27,6.27,-0.74,0.98,0.689,30.0,0.0,0.0,4.404,69.875,108.286,0.0,0.0,0.0,0.0,0.0,1.0,-0.44,12.22,7.69,0.0,phi=20
6,0.02,inventory,20.0,ArrivalRebalance,-15.46,20.66,-15.26,-0.25,0.74,0.219,2.0,0.0,0.0,0.678,39.307,16.048,5.81,0.58,0.0,0.0,0.0,6.81,-0.3,40.28,20.6,34.84,phi=20
6,0.02,inventory,20.0,DeployNarrow,6.48,17.95,7.58,-0.3,0.96,0.73,2.0,0.0,0.0,4.404,69.875,108.286,0.0,0.0,0.0,0.0,0.0,1.0,-0.41,14.95,8.07,0.0,phi=20
6,0.02,inventory,20.0,CDM,-136.07,98.0,-104.69,-1.63,3.15,0.004,29.579,3.139,0.405,0.123,14.803,4.364,25.45,2.54,-2.759,5.24,1.739,26.45,-0.44,50.04,32.97,152.69,phi=20
6,0.02,inventory,20.0,PPO,3.32,8.36,3.27,-0.34,0.96,0.727,15.131,0.001,5.775,-2.615,24.286,61.984,0.0,0.01,1.368,0.001,4.38,0.96,-0.04,6.99,3.63,0.01,phi=20
6,0.02,inventory,20.0,PPO_narrow,4.05,8.34,2.99,0.34,1.62,0.697,2.0,0.0,0.0,-3.649,17.206,56.675,0.0,0.0,-0.079,0.0,0.93,0.91,-0.14,7.19,3.0,0.0,phi=20
